school,school_setting,school_type,classroom,n_student,student_id,gender,pretest,posttest
ANKYI,Urban,Non-public,6OL,20,2FHT3,Female,62,72
ANKYI,Urban,Non-public,6OL,20,3JIVH,Female,66,79
ANKYI,Urban,Non-public,6OL,20,3XOWE,Male,64,76
ANKYI,Urban,Non-public,6OL,20,556O0,Female,61,77
ANKYI,Urban,Non-public,6OL,20,74LOE,Male,64,76
ANKYI,Urban,Non-public,6OL,20,7YZO8,Female,66,74
ANKYI,Urban,Non-public,6OL,20,9KMZD,Male,63,75
ANKYI,Urban,Non-public,6OL,20,9USQK,Female,63,72
ANKYI,Urban,Non-public,6OL,20,CS5QP,Male,64,77
ANKYI,Urban,Non-public,6OL,20,D6HT8,Female,61,72
ANKYI,Urban,Non-public,6OL,20,DZMKU,Male,61,73
ANKYI,Urban,Non-public,6OL,20,FH7B9,Male,64,74
ANKYI,Urban,Non-public,6OL,20,JI9VG,Male,66,78
ANKYI,Urban,Non-public,6OL,20,JQM2W,Female,60,71
ANKYI,Urban,Non-public,6OL,20,MEUC4,Female,64,77
ANKYI,Urban,Non-public,6OL,20,R4U8H,Male,64,73
ANKYI,Urban,Non-public,6OL,20,TH7KI,Male,63,70
ANKYI,Urban,Non-public,6OL,20,U1FV7,Male,67,73
ANKYI,Urban,Non-public,6OL,20,WC5I6,Female,63,71
ANKYI,Urban,Non-public,6OL,20,ZBQ4T,Male,64,73
ANKYI,Urban,Non-public,ZNS,21,0CRO6,Male,60,68
ANKYI,Urban,Non-public,ZNS,21,1QMDI,Male,60,70
ANKYI,Urban,Non-public,ZNS,21,3CFUK,Male,57,66
ANKYI,Urban,Non-public,ZNS,21,447O0,Male,57,70
ANKYI,Urban,Non-public,ZNS,21,4IDEM,Female,56,65
ANKYI,Urban,Non-public,ZNS,21,5UQNP,Male,58,67
ANKYI,Urban,Non-public,ZNS,21,AV95M,Female,60,70
ANKYI,Urban,Non-public,ZNS,21,BX6I6,Female,60,67
ANKYI,Urban,Non-public,ZNS,21,EYFXR,Male,54,63
ANKYI,Urban,Non-public,ZNS,21,FFC9M,Male,60,75
ANKYI,Urban,Non-public,ZNS,21,GGT4A,Male,58,66
ANKYI,Urban,Non-public,ZNS,21,HRZOJ,Female,66,71
ANKYI,Urban,Non-public,ZNS,21,IFC62,Male,60,76
ANKYI,Urban,Non-public,ZNS,21,LLQI3,Female,59,69
ANKYI,Urban,Non-public,ZNS,21,OCJE3,Female,57,69
ANKYI,Urban,Non-public,ZNS,21,OGW1F,Female,60,68
ANKYI,Urban,Non-public,ZNS,21,Q5QRY,Female,61,71
ANKYI,Urban,Non-public,ZNS,21,TJRIV,Female,61,66
ANKYI,Urban,Non-public,ZNS,21,U24U5,Female,59,69
ANKYI,Urban,Non-public,ZNS,21,VKX2N,Female,62,72
ANKYI,Urban,Non-public,ZNS,21,ZTROF,Male,60,66
CCAAW,Suburban,Non-public,2B1,18,1IALS,Female,61,75
CCAAW,Suburban,Non-public,2B1,18,5NDXD,Male,58,78
CCAAW,Suburban,Non-public,2B1,18,6DCTV,Female,64,82
CCAAW,Suburban,Non-public,2B1,18,6OB0S,Male,58,77
CCAAW,Suburban,Non-public,2B1,18,AITPY,Male,65,87
CCAAW,Suburban,Non-public,2B1,18,B8B6G,Male,65,80
CCAAW,Suburban,Non-public,2B1,18,C0UW3,Female,62,75
CCAAW,Suburban,Non-public,2B1,18,CD1MB,Male,58,73
CCAAW,Suburban,Non-public,2B1,18,F4ZHY,Male,59,74
CCAAW,Suburban,Non-public,2B1,18,GT9F2,Male,59,74
CCAAW,Suburban,Non-public,2B1,18,L5T1W,Male,63,76
CCAAW,Suburban,Non-public,2B1,18,MVXN3,Female,63,78
CCAAW,Suburban,Non-public,2B1,18,N7XOT,Male,59,77
CCAAW,Suburban,Non-public,2B1,18,NKP72,Male,61,77
CCAAW,Suburban,Non-public,2B1,18,QJVAM,Male,55,72
CCAAW,Suburban,Non-public,2B1,18,V6ZA8,Male,66,83
CCAAW,Suburban,Non-public,2B1,18,X4NP9,Female,67,81
CCAAW,Suburban,Non-public,2B1,18,YEJFP,Female,68,79
CCAAW,Suburban,Non-public,EPS,20,2RA1H,Female,63,80
CCAAW,Suburban,Non-public,EPS,20,2U37U,Female,63,83
CCAAW,Suburban,Non-public,EPS,20,30219,Male,66,82
CCAAW,Suburban,Non-public,EPS,20,3RJO7,Female,67,84
CCAAW,Suburban,Non-public,EPS,20,42OS6,Female,67,83
CCAAW,Suburban,Non-public,EPS,20,4B72M,Male,73,85
CCAAW,Suburban,Non-public,EPS,20,7D9JO,Male,68,87
CCAAW,Suburban,Non-public,EPS,20,7QNXG,Female,70,91
CCAAW,Suburban,Non-public,EPS,20,8HMCH,Female,74,85
CCAAW,Suburban,Non-public,EPS,20,8W6N8,Female,64,83
CCAAW,Suburban,Non-public,EPS,20,BVGDA,Male,62,78
CCAAW,Suburban,Non-public,EPS,20,CFICH,Female,76,84
CCAAW,Suburban,Non-public,EPS,20,DTGZA,Female,73,86
CCAAW,Suburban,Non-public,EPS,20,EEJ6S,Male,65,87
CCAAW,Suburban,Non-public,EPS,20,JSYRI,Female,66,79
CCAAW,Suburban,Non-public,EPS,20,KGFXN,Female,66,84
CCAAW,Suburban,Non-public,EPS,20,KTSGX,Female,66,82
CCAAW,Suburban,Non-public,EPS,20,SAKZI,Female,65,83
CCAAW,Suburban,Non-public,EPS,20,XAHWJ,Female,63,78
CCAAW,Suburban,Non-public,EPS,20,XP6HQ,Female,68,84
CCAAW,Suburban,Non-public,IQN,15,0ZAWS,Female,65,79
CCAAW,Suburban,Non-public,IQN,15,4CE6S,Female,70,83
CCAAW,Suburban,Non-public,IQN,15,DB15U,Female,65,81
CCAAW,Suburban,Non-public,IQN,15,GFIP5,Female,61,74
CCAAW,Suburban,Non-public,IQN,15,GJ8SE,Male,63,77
CCAAW,Suburban,Non-public,IQN,15,GYLNC,Female,62,82
CCAAW,Suburban,Non-public,IQN,15,H1H52,Male,69,81
CCAAW,Suburban,Non-public,IQN,15,JPSF7,Male,63,75
CCAAW,Suburban,Non-public,IQN,15,KW69V,Male,62,81
CCAAW,Suburban,Non-public,IQN,15,MY8XT,Female,63,77
CCAAW,Suburban,Non-public,IQN,15,NKEK5,Male,59,74
CCAAW,Suburban,Non-public,IQN,15,PCELB,Male,63,80
CCAAW,Suburban,Non-public,IQN,15,VLKJU,Male,66,76
CCAAW,Suburban,Non-public,IQN,15,WI916,Female,59,77
CCAAW,Suburban,Non-public,IQN,15,WO5E2,Male,60,74
CCAAW,Suburban,Non-public,PGK,21,0U8DI,Female,68,76
CCAAW,Suburban,Non-public,PGK,21,18YOG,Male,74,82
CCAAW,Suburban,Non-public,PGK,21,4YN68,Female,63,73
CCAAW,Suburban,Non-public,PGK,21,905ZT,Female,73,78
CCAAW,Suburban,Non-public,PGK,21,9WYVP,Male,75,83
CCAAW,Suburban,Non-public,PGK,21,A1554,Female,78,84
CCAAW,Suburban,Non-public,PGK,21,BWRTH,Female,69,78
CCAAW,Suburban,Non-public,PGK,21,CNECS,Male,73,81
CCAAW,Suburban,Non-public,PGK,21,E8RRO,Male,74,80
CCAAW,Suburban,Non-public,PGK,21,I2TFD,Female,73,80
CCAAW,Suburban,Non-public,PGK,21,I4BNO,Female,68,82
CCAAW,Suburban,Non-public,PGK,21,IY6DQ,Female,72,84
CCAAW,Suburban,Non-public,PGK,21,LB8XY,Female,73,80
CCAAW,Suburban,Non-public,PGK,21,LHBRT,Male,71,91
CCAAW,Suburban,Non-public,PGK,21,NVH1O,Male,73,80
CCAAW,Suburban,Non-public,PGK,21,O4BQF,Female,76,80
CCAAW,Suburban,Non-public,PGK,21,ODYMF,Female,70,84
CCAAW,Suburban,Non-public,PGK,21,QLX2Z,Female,71,78
CCAAW,Suburban,Non-public,PGK,21,QPPQJ,Male,76,85
CCAAW,Suburban,Non-public,PGK,21,ST8FC,Female,72,83
CCAAW,Suburban,Non-public,PGK,21,XTC1Q,Male,71,83
CCAAW,Suburban,Non-public,UHU,16,0MRJH,Female,49,68
CCAAW,Suburban,Non-public,UHU,16,1RN82,Female,55,70
CCAAW,Suburban,Non-public,UHU,16,24AN2,Female,60,73
CCAAW,Suburban,Non-public,UHU,16,2XT73,Female,59,73
CCAAW,Suburban,Non-public,UHU,16,65RSM,Male,59,70
CCAAW,Suburban,Non-public,UHU,16,6QNQ9,Female,55,69
CCAAW,Suburban,Non-public,UHU,16,76O2H,Male,55,71
CCAAW,Suburban,Non-public,UHU,16,EUUCT,Female,56,74
CCAAW,Suburban,Non-public,UHU,16,FUCFP,Female,53,69
CCAAW,Suburban,Non-public,UHU,16,G3L6V,Female,48,70
CCAAW,Suburban,Non-public,UHU,16,I0XVJ,Female,62,76
CCAAW,Suburban,Non-public,UHU,16,IYNXL,Male,58,75
CCAAW,Suburban,Non-public,UHU,16,M5NZM,Female,52,69
CCAAW,Suburban,Non-public,UHU,16,PKG8H,Female,59,67
CCAAW,Suburban,Non-public,UHU,16,RM0W4,Female,53,69
CCAAW,Suburban,Non-public,UHU,16,XWY2X,Female,57,72
CCAAW,Suburban,Non-public,UWK,19,0DLKI,Male,68,76
CCAAW,Suburban,Non-public,UWK,19,1F817,Male,67,80
CCAAW,Suburban,Non-public,UWK,19,1IK2C,Female,67,76
CCAAW,Suburban,Non-public,UWK,19,1OFX7,Female,66,82
CCAAW,Suburban,Non-public,UWK,19,21IQZ,Female,58,72
CCAAW,Suburban,Non-public,UWK,19,5I0TO,Female,61,70
CCAAW,Suburban,Non-public,UWK,19,5SQKW,Male,63,75
CCAAW,Suburban,Non-public,UWK,19,7PLYH,Female,68,77
CCAAW,Suburban,Non-public,UWK,19,8MLVH,Female,61,76
CCAAW,Suburban,Non-public,UWK,19,CGX72,Female,75,83
CCAAW,Suburban,Non-public,UWK,19,IBX0J,Female,68,75
CCAAW,Suburban,Non-public,UWK,19,JY21F,Female,65,72
CCAAW,Suburban,Non-public,UWK,19,L4B6P,Female,65,77
CCAAW,Suburban,Non-public,UWK,19,PYYX9,Female,61,77
CCAAW,Suburban,Non-public,UWK,19,QZI3R,Female,62,69
CCAAW,Suburban,Non-public,UWK,19,RYJH1,Male,65,74
CCAAW,Suburban,Non-public,UWK,19,TKWII,Female,70,79
CCAAW,Suburban,Non-public,UWK,19,X6ZCW,Female,65,74
CCAAW,Suburban,Non-public,UWK,19,ZDLQB,Female,60,73
CIMBB,Urban,Non-public,A33,19,0WW6N,Male,60,67
CIMBB,Urban,Non-public,A33,19,5IKFU,Male,62,70
CIMBB,Urban,Non-public,A33,19,7ODZ6,Male,59,73
CIMBB,Urban,Non-public,A33,19,BD0UJ,Male,62,72
CIMBB,Urban,Non-public,A33,19,F08JN,Male,54,68
CIMBB,Urban,Non-public,A33,19,FRA61,Female,58,66
CIMBB,Urban,Non-public,A33,19,FZVQF,Male,58,66
CIMBB,Urban,Non-public,A33,19,GXVKS,Male,60,69
CIMBB,Urban,Non-public,A33,19,IUX8B,Male,68,78
CIMBB,Urban,Non-public,A33,19,KL3L4,Female,55,69
CIMBB,Urban,Non-public,A33,19,NV5M7,Female,61,71
CIMBB,Urban,Non-public,A33,19,PBE3E,Female,61,71
CIMBB,Urban,Non-public,A33,19,QB9ZX,Male,61,70
CIMBB,Urban,Non-public,A33,19,SM22E,Male,64,81
CIMBB,Urban,Non-public,A33,19,U2O2E,Female,61,72
CIMBB,Urban,Non-public,A33,19,UOZAQ,Female,54,69
CIMBB,Urban,Non-public,A33,19,XGJ6Y,Female,56,65
CIMBB,Urban,Non-public,A33,19,Y0PR8,Female,55,64
CIMBB,Urban,Non-public,A33,19,YB3AW,Female,65,71
CIMBB,Urban,Non-public,EID,21,03T0E,Male,64,76
CIMBB,Urban,Non-public,EID,21,13IGD,Male,72,79
CIMBB,Urban,Non-public,EID,21,2BCEE,Female,72,78
CIMBB,Urban,Non-public,EID,21,4RRBE,Male,67,72
CIMBB,Urban,Non-public,EID,21,5RT1S,Male,64,74
CIMBB,Urban,Non-public,EID,21,6MBC0,Female,69,79
CIMBB,Urban,Non-public,EID,21,7T7C2,Male,67,78
CIMBB,Urban,Non-public,EID,21,A90E3,Male,70,76
CIMBB,Urban,Non-public,EID,21,C4WMS,Male,64,77
CIMBB,Urban,Non-public,EID,21,DG5U0,Female,64,75
CIMBB,Urban,Non-public,EID,21,H033K,Male,69,78
CIMBB,Urban,Non-public,EID,21,HM7JY,Female,70,82
CIMBB,Urban,Non-public,EID,21,IDT35,Male,71,78
CIMBB,Urban,Non-public,EID,21,J8ME6,Female,67,80
CIMBB,Urban,Non-public,EID,21,O9Z89,Female,69,79
CIMBB,Urban,Non-public,EID,21,RZB93,Male,69,80
CIMBB,Urban,Non-public,EID,21,THSH4,Male,66,81
CIMBB,Urban,Non-public,EID,21,TLZHB,Female,64,78
CIMBB,Urban,Non-public,EID,21,W6N8C,Female,69,82
CIMBB,Urban,Non-public,EID,21,XGPLY,Female,67,82
CIMBB,Urban,Non-public,EID,21,Z3KSE,Female,65,76
CIMBB,Urban,Non-public,HUJ,17,1FA55,Male,64,88
CIMBB,Urban,Non-public,HUJ,17,3MV44,Male,64,80
CIMBB,Urban,Non-public,HUJ,17,4LM4Y,Male,73,81
CIMBB,Urban,Non-public,HUJ,17,792N5,Female,66,83
CIMBB,Urban,Non-public,HUJ,17,8TW6G,Male,56,78
CIMBB,Urban,Non-public,HUJ,17,9HA2N,Male,67,87
CIMBB,Urban,Non-public,HUJ,17,B8EP0,Female,62,82
CIMBB,Urban,Non-public,HUJ,17,BQ8E0,Female,68,82
CIMBB,Urban,Non-public,HUJ,17,E25O4,Female,69,84
CIMBB,Urban,Non-public,HUJ,17,IFRIJ,Female,68,85
CIMBB,Urban,Non-public,HUJ,17,IOQIU,Male,63,82
CIMBB,Urban,Non-public,HUJ,17,JGBZA,Female,72,83
CIMBB,Urban,Non-public,HUJ,17,JU9C5,Male,70,82
CIMBB,Urban,Non-public,HUJ,17,M0CLJ,Male,68,87
CIMBB,Urban,Non-public,HUJ,17,V69IG,Female,64,85
CIMBB,Urban,Non-public,HUJ,17,WY9TV,Male,64,78
CIMBB,Urban,Non-public,HUJ,17,XKSFM,Male,61,77
CIMBB,Urban,Non-public,PC6,17,1C30U,Male,70,78
CIMBB,Urban,Non-public,PC6,17,4XEXD,Female,65,79
CIMBB,Urban,Non-public,PC6,17,7Z1S4,Female,63,72
CIMBB,Urban,Non-public,PC6,17,8DR2M,Female,68,80
CIMBB,Urban,Non-public,PC6,17,BO4NT,Female,66,75
CIMBB,Urban,Non-public,PC6,17,DBPV7,Female,64,75
CIMBB,Urban,Non-public,PC6,17,EQUU9,Female,68,77
CIMBB,Urban,Non-public,PC6,17,ETDRG,Female,67,79
CIMBB,Urban,Non-public,PC6,17,G8VM9,Male,66,75
CIMBB,Urban,Non-public,PC6,17,GS9HH,Male,68,80
CIMBB,Urban,Non-public,PC6,17,J4LOI,Female,72,86
CIMBB,Urban,Non-public,PC6,17,K7YOS,Female,69,76
CIMBB,Urban,Non-public,PC6,17,M2OMY,Male,68,78
CIMBB,Urban,Non-public,PC6,17,P0F2W,Female,62,75
CIMBB,Urban,Non-public,PC6,17,U6C5U,Female,71,80
CIMBB,Urban,Non-public,PC6,17,VQ6PP,Male,72,79
CIMBB,Urban,Non-public,PC6,17,XJPON,Male,64,74
CUQAM,Urban,Public,1Q1,28,14K8S,Female,55,70
CUQAM,Urban,Public,1Q1,28,1V9FC,Male,55,67
CUQAM,Urban,Public,1Q1,28,2NV1C,Male,58,70
CUQAM,Urban,Public,1Q1,28,4TYX0,Female,60,67
CUQAM,Urban,Public,1Q1,28,5HS69,Female,58,69
CUQAM,Urban,Public,1Q1,28,6AEX4,Female,52,63
CUQAM,Urban,Public,1Q1,28,6O48K,Male,53,67
CUQAM,Urban,Public,1Q1,28,7R2Y4,Male,53,68
CUQAM,Urban,Public,1Q1,28,82W8S,Male,54,68
CUQAM,Urban,Public,1Q1,28,D4HCS,Male,59,70
CUQAM,Urban,Public,1Q1,28,F0FIP,Male,55,65
CUQAM,Urban,Public,1Q1,28,GK727,Male,56,67
CUQAM,Urban,Public,1Q1,28,H9BKE,Male,58,67
CUQAM,Urban,Public,1Q1,28,J82SA,Female,58,65
CUQAM,Urban,Public,1Q1,28,K8KRE,Male,58,65
CUQAM,Urban,Public,1Q1,28,KB2DJ,Male,60,74
CUQAM,Urban,Public,1Q1,28,MMOCM,Female,60,69
CUQAM,Urban,Public,1Q1,28,MQHOL,Male,56,61
CUQAM,Urban,Public,1Q1,28,N2HZ8,Female,56,69
CUQAM,Urban,Public,1Q1,28,PPWAC,Male,56,74
CUQAM,Urban,Public,1Q1,28,REXA7,Female,52,68
CUQAM,Urban,Public,1Q1,28,UCMFB,Female,52,68
CUQAM,Urban,Public,1Q1,28,VIYQW,Female,56,63
CUQAM,Urban,Public,1Q1,28,WCVWV,Female,58,70
CUQAM,Urban,Public,1Q1,28,X0AOP,Male,61,71
CUQAM,Urban,Public,1Q1,28,X94T8,Male,60,62
CUQAM,Urban,Public,1Q1,28,XAV1J,Male,57,62
CUQAM,Urban,Public,1Q1,28,YPIKD,Male,50,58
CUQAM,Urban,Public,BFY,27,3SRQL,Female,53,57
CUQAM,Urban,Public,BFY,27,57N0B,Female,55,63
CUQAM,Urban,Public,BFY,27,5VCT2,Female,46,57
CUQAM,Urban,Public,BFY,27,6O5SV,Female,50,59
CUQAM,Urban,Public,BFY,27,6Y2G7,Male,50,57
CUQAM,Urban,Public,BFY,27,9UOCD,Male,56,64
CUQAM,Urban,Public,BFY,27,BHDD2,Male,44,58
CUQAM,Urban,Public,BFY,27,DEQXB,Female,53,64
CUQAM,Urban,Public,BFY,27,DH29D,Male,51,56
CUQAM,Urban,Public,BFY,27,E0NP5,Female,50,61
CUQAM,Urban,Public,BFY,27,FIH1N,Male,53,61
CUQAM,Urban,Public,BFY,27,FIXJF,Male,53,64
CUQAM,Urban,Public,BFY,27,HFMAA,Male,52,60
CUQAM,Urban,Public,BFY,27,IRVYC,Male,49,61
CUQAM,Urban,Public,BFY,27,MIMX1,Female,55,63
CUQAM,Urban,Public,BFY,27,NRU8N,Female,56,66
CUQAM,Urban,Public,BFY,27,QMRNM,Male,53,62
CUQAM,Urban,Public,BFY,27,QP6GN,Male,50,59
CUQAM,Urban,Public,BFY,27,RLCLQ,Male,50,59
CUQAM,Urban,Public,BFY,27,SOE2Z,Male,52,62
CUQAM,Urban,Public,BFY,27,U11R6,Female,52,58
CUQAM,Urban,Public,BFY,27,U55KC,Male,47,62
CUQAM,Urban,Public,BFY,27,U6V9N,Female,46,60
CUQAM,Urban,Public,BFY,27,UPA8M,Male,53,59
CUQAM,Urban,Public,BFY,27,WCR6H,Male,51,61
CUQAM,Urban,Public,BFY,27,WP4OE,Male,52,65
CUQAM,Urban,Public,BFY,27,YV0HB,Female,50,64
CUQAM,Urban,Public,OMI,28,0H9EO,Female,52,67
CUQAM,Urban,Public,OMI,28,0WKXC,Male,60,72
CUQAM,Urban,Public,OMI,28,0ZUZM,Male,55,69
CUQAM,Urban,Public,OMI,28,1M80R,Male,53,68
CUQAM,Urban,Public,OMI,28,2AT2K,Male,57,67
CUQAM,Urban,Public,OMI,28,2EQ4L,Male,61,62
CUQAM,Urban,Public,OMI,28,3ULUB,Female,59,64
CUQAM,Urban,Public,OMI,28,6J5II,Female,51,65
CUQAM,Urban,Public,OMI,28,703YR,Male,49,65
CUQAM,Urban,Public,OMI,28,86RZK,Female,59,64
CUQAM,Urban,Public,OMI,28,91U4U,Male,52,63
CUQAM,Urban,Public,OMI,28,AYOIP,Female,51,66
CUQAM,Urban,Public,OMI,28,BW158,Female,57,65
CUQAM,Urban,Public,OMI,28,CFA02,Male,54,62
CUQAM,Urban,Public,OMI,28,GHNH4,Male,52,65
CUQAM,Urban,Public,OMI,28,I1E36,Male,57,68
CUQAM,Urban,Public,OMI,28,J9O6H,Female,54,65
CUQAM,Urban,Public,OMI,28,N3DMQ,Male,57,59
CUQAM,Urban,Public,OMI,28,OBJSU,Female,60,68
CUQAM,Urban,Public,OMI,28,PDDSN,Female,51,64
CUQAM,Urban,Public,OMI,28,PZFMC,Female,61,67
CUQAM,Urban,Public,OMI,28,R8YXZ,Male,52,61
CUQAM,Urban,Public,OMI,28,RHZI6,Male,52,63
CUQAM,Urban,Public,OMI,28,THIFD,Female,49,64
CUQAM,Urban,Public,OMI,28,TNGFN,Male,57,63
CUQAM,Urban,Public,OMI,28,U3GC0,Female,52,63
CUQAM,Urban,Public,OMI,28,Y7CIO,Male,54,63
CUQAM,Urban,Public,OMI,28,YSEBW,Male,58,65
CUQAM,Urban,Public,X6Z,24,5Z1Q8,Female,51,66
CUQAM,Urban,Public,X6Z,24,6PQH8,Female,56,75
CUQAM,Urban,Public,X6Z,24,B4YM5,Female,56,72
CUQAM,Urban,Public,X6Z,24,C8YUM,Male,51,69
CUQAM,Urban,Public,X6Z,24,CRV86,Male,53,65
CUQAM,Urban,Public,X6Z,24,D4BUO,Male,49,67
CUQAM,Urban,Public,X6Z,24,HCBLB,Male,54,72
CUQAM,Urban,Public,X6Z,24,JGOV7,Male,52,71
CUQAM,Urban,Public,X6Z,24,JME0Z,Female,53,70
CUQAM,Urban,Public,X6Z,24,K3IZ6,Male,54,70
CUQAM,Urban,Public,X6Z,24,NIJP6,Female,57,76
CUQAM,Urban,Public,X6Z,24,PGFCX,Male,52,67
CUQAM,Urban,Public,X6Z,24,QCW77,Female,61,74
CUQAM,Urban,Public,X6Z,24,QLAXV,Male,52,73
CUQAM,Urban,Public,X6Z,24,RLE9C,Male,54,68
CUQAM,Urban,Public,X6Z,24,S1U43,Male,55,69
CUQAM,Urban,Public,X6Z,24,SZDD5,Male,53,71
CUQAM,Urban,Public,X6Z,24,TMC4V,Male,55,72
CUQAM,Urban,Public,X6Z,24,TNGPD,Male,53,70
CUQAM,Urban,Public,X6Z,24,TT9MG,Male,48,66
CUQAM,Urban,Public,X6Z,24,UHE7N,Male,51,70
CUQAM,Urban,Public,X6Z,24,UM6YP,Female,56,70
CUQAM,Urban,Public,X6Z,24,X006R,Female,51,69
CUQAM,Urban,Public,X6Z,24,Y7KJM,Female,49,67
DNQDD,Suburban,Public,2AP,27,1K0Q5,Female,54,67
DNQDD,Suburban,Public,2AP,27,338XH,Female,50,64
DNQDD,Suburban,Public,2AP,27,378BQ,Female,51,65
DNQDD,Suburban,Public,2AP,27,3BGFW,Female,53,70
DNQDD,Suburban,Public,2AP,27,4ZRL3,Male,52,60
DNQDD,Suburban,Public,2AP,27,56UMG,Male,51,57
DNQDD,Suburban,Public,2AP,27,5UWDZ,Male,56,61
DNQDD,Suburban,Public,2AP,27,8PAMX,Female,47,58
DNQDD,Suburban,Public,2AP,27,96ZIU,Female,49,60
DNQDD,Suburban,Public,2AP,27,DBJRW,Male,46,63
DNQDD,Suburban,Public,2AP,27,DCVI8,Female,43,61
DNQDD,Suburban,Public,2AP,27,E178W,Male,56,59
DNQDD,Suburban,Public,2AP,27,EDR5K,Female,54,64
DNQDD,Suburban,Public,2AP,27,IRU9S,Female,48,64
DNQDD,Suburban,Public,2AP,27,JIPLL,Female,55,62
DNQDD,Suburban,Public,2AP,27,MH6W5,Female,53,63
DNQDD,Suburban,Public,2AP,27,N1ICX,Male,52,63
DNQDD,Suburban,Public,2AP,27,QFID8,Male,55,55
DNQDD,Suburban,Public,2AP,27,RYRXG,Male,52,65
DNQDD,Suburban,Public,2AP,27,T0TIH,Male,54,57
DNQDD,Suburban,Public,2AP,27,U086J,Male,48,54
DNQDD,Suburban,Public,2AP,27,U0TQQ,Male,53,62
DNQDD,Suburban,Public,2AP,27,UIM0F,Male,52,58
DNQDD,Suburban,Public,2AP,27,UPBA8,Male,54,61
DNQDD,Suburban,Public,2AP,27,VJQL3,Male,44,59
DNQDD,Suburban,Public,2AP,27,X7YLX,Female,47,56
DNQDD,Suburban,Public,2AP,27,Y2RWV,Female,49,58
DNQDD,Suburban,Public,PW5,20,02WIH,Male,37,56
DNQDD,Suburban,Public,PW5,20,0VR4J,Female,50,63
DNQDD,Suburban,Public,PW5,20,1IEF0,Male,48,58
DNQDD,Suburban,Public,PW5,20,1M9UM,Male,40,60
DNQDD,Suburban,Public,PW5,20,2OI79,Female,39,49
DNQDD,Suburban,Public,PW5,20,463P7,Female,41,60
DNQDD,Suburban,Public,PW5,20,4HD3D,Female,38,57
DNQDD,Suburban,Public,PW5,20,6RFGN,Male,44,58
DNQDD,Suburban,Public,PW5,20,6TTZY,Female,45,63
DNQDD,Suburban,Public,PW5,20,6XLGF,Female,45,67
DNQDD,Suburban,Public,PW5,20,E7VFK,Female,36,53
DNQDD,Suburban,Public,PW5,20,GO92G,Male,48,62
DNQDD,Suburban,Public,PW5,20,GUEXC,Female,42,54
DNQDD,Suburban,Public,PW5,20,MP2DL,Female,48,65
DNQDD,Suburban,Public,PW5,20,UBDCF,Male,42,57
DNQDD,Suburban,Public,PW5,20,VWNJ9,Male,45,67
DNQDD,Suburban,Public,PW5,20,XN65F,Female,39,61
DNQDD,Suburban,Public,PW5,20,Y4LA5,Female,45,64
DNQDD,Suburban,Public,PW5,20,YM3NK,Male,44,59
DNQDD,Suburban,Public,PW5,20,ZR1KH,Female,40,52
DNQDD,Suburban,Public,ROP,28,0KSLY,Female,57,74
DNQDD,Suburban,Public,ROP,28,34LDX,Male,58,74
DNQDD,Suburban,Public,ROP,28,39EA1,Female,62,79
DNQDD,Suburban,Public,ROP,28,5CQ0N,Female,61,71
DNQDD,Suburban,Public,ROP,28,5SLAY,Male,57,73
DNQDD,Suburban,Public,ROP,28,7HDEV,Male,62,74
DNQDD,Suburban,Public,ROP,28,831D6,Male,55,71
DNQDD,Suburban,Public,ROP,28,889HH,Male,55,68
DNQDD,Suburban,Public,ROP,28,B6VQP,Male,55,75
DNQDD,Suburban,Public,ROP,28,H0CGC,Male,57,72
DNQDD,Suburban,Public,ROP,28,JAQ11,Male,58,79
DNQDD,Suburban,Public,ROP,28,JZRVJ,Male,58,75
DNQDD,Suburban,Public,ROP,28,KCJ9W,Female,60,78
DNQDD,Suburban,Public,ROP,28,L0UG9,Male,55,67
DNQDD,Suburban,Public,ROP,28,MGJ90,Female,52,73
DNQDD,Suburban,Public,ROP,28,MR2T1,Male,61,73
DNQDD,Suburban,Public,ROP,28,N3LL6,Female,53,67
DNQDD,Suburban,Public,ROP,28,OA8PY,Male,60,73
DNQDD,Suburban,Public,ROP,28,PXXNX,Male,58,76
DNQDD,Suburban,Public,ROP,28,S7G9W,Female,53,67
DNQDD,Suburban,Public,ROP,28,SJEG2,Male,60,72
DNQDD,Suburban,Public,ROP,28,VG2OX,Male,64,77
DNQDD,Suburban,Public,ROP,28,VJ7SW,Female,62,74
DNQDD,Suburban,Public,ROP,28,XLDOH,Female,56,74
DNQDD,Suburban,Public,ROP,28,XWMAD,Male,59,76
DNQDD,Suburban,Public,ROP,28,YC05X,Female,61,77
DNQDD,Suburban,Public,ROP,28,ZFT9J,Male,56,74
DNQDD,Suburban,Public,ROP,28,ZJ61P,Female,54,73
DNQDD,Suburban,Public,ST7,20,2QC96,Female,64,69
DNQDD,Suburban,Public,ST7,20,70S7T,Female,63,74
DNQDD,Suburban,Public,ST7,20,8K2VR,Male,49,60
DNQDD,Suburban,Public,ST7,20,98B8A,Male,60,61
DNQDD,Suburban,Public,ST7,20,99KK2,Female,58,69
DNQDD,Suburban,Public,ST7,20,A5BS4,Male,60,74
DNQDD,Suburban,Public,ST7,20,F99D8,Male,57,66
DNQDD,Suburban,Public,ST7,20,G88DV,Male,58,70
DNQDD,Suburban,Public,ST7,20,I9OJV,Male,58,68
DNQDD,Suburban,Public,ST7,20,JIMD2,Male,62,71
DNQDD,Suburban,Public,ST7,20,JMTOQ,Male,53,68
DNQDD,Suburban,Public,ST7,20,LKACN,Female,55,66
DNQDD,Suburban,Public,ST7,20,M7XQV,Female,60,72
DNQDD,Suburban,Public,ST7,20,MEM4Z,Male,62,71
DNQDD,Suburban,Public,ST7,20,OJLP8,Male,55,64
DNQDD,Suburban,Public,ST7,20,OX7PB,Male,60,67
DNQDD,Suburban,Public,ST7,20,PIYL8,Male,59,66
DNQDD,Suburban,Public,ST7,20,SPIWM,Female,53,70
DNQDD,Suburban,Public,ST7,20,VD06X,Male,57,74
DNQDD,Suburban,Public,ST7,20,YLFY8,Male,59,69
DNQDD,Suburban,Public,XXJ,27,6K4DK,Male,63,72
DNQDD,Suburban,Public,XXJ,27,8NGSI,Male,65,68
DNQDD,Suburban,Public,XXJ,27,9GYWF,Male,56,71
DNQDD,Suburban,Public,XXJ,27,B8ZPI,Male,60,69
DNQDD,Suburban,Public,XXJ,27,B9J7D,Male,60,66
DNQDD,Suburban,Public,XXJ,27,BKV9M,Male,60,68
DNQDD,Suburban,Public,XXJ,27,D18ZU,Male,62,72
DNQDD,Suburban,Public,XXJ,27,E6Q1J,Female,63,70
DNQDD,Suburban,Public,XXJ,27,F8Q67,Male,61,74
DNQDD,Suburban,Public,XXJ,27,FWYBW,Female,56,69
DNQDD,Suburban,Public,XXJ,27,G3GYE,Female,60,67
DNQDD,Suburban,Public,XXJ,27,HEIPF,Male,55,66
DNQDD,Suburban,Public,XXJ,27,HEOZU,Female,62,71
DNQDD,Suburban,Public,XXJ,27,IXYC5,Male,57,71
DNQDD,Suburban,Public,XXJ,27,JZYO3,Female,58,70
DNQDD,Suburban,Public,XXJ,27,LMU2D,Male,57,67
DNQDD,Suburban,Public,XXJ,27,NHYYZ,Male,62,69
DNQDD,Suburban,Public,XXJ,27,NR8JR,Male,55,65
DNQDD,Suburban,Public,XXJ,27,O2EGZ,Female,60,76
DNQDD,Suburban,Public,XXJ,27,OKESX,Female,52,62
DNQDD,Suburban,Public,XXJ,27,RV35S,Female,61,67
DNQDD,Suburban,Public,XXJ,27,RVEQB,Female,60,70
DNQDD,Suburban,Public,XXJ,27,SVLAT,Female,62,68
DNQDD,Suburban,Public,XXJ,27,SZ7BS,Male,60,64
DNQDD,Suburban,Public,XXJ,27,WLH9L,Male,67,75
DNQDD,Suburban,Public,XXJ,27,Y2Z8M,Male,61,70
DNQDD,Suburban,Public,XXJ,27,Z7PUC,Female,58,68
FBUMG,Rural,Non-public,197,14,25M8Y,Male,53,68
FBUMG,Rural,Non-public,197,14,3234W,Male,63,78
FBUMG,Rural,Non-public,197,14,3431D,Male,67,79
FBUMG,Rural,Non-public,197,14,A3RYU,Male,61,76
FBUMG,Rural,Non-public,197,14,ARW1X,Male,57,76
FBUMG,Rural,Non-public,197,14,BZ38P,Female,72,84
FBUMG,Rural,Non-public,197,14,FNZ5V,Female,65,78
FBUMG,Rural,Non-public,197,14,H4WWF,Male,56,73
FBUMG,Rural,Non-public,197,14,HDPCP,Female,64,77
FBUMG,Rural,Non-public,197,14,KJGKN,Male,65,80
FBUMG,Rural,Non-public,197,14,S56V4,Male,65,79
FBUMG,Rural,Non-public,197,14,VMM7O,Male,64,84
FBUMG,Rural,Non-public,197,14,Y9W00,Female,62,81
FBUMG,Rural,Non-public,197,14,Z5DTY,Female,58,78
FBUMG,Rural,Non-public,5LQ,18,04DG5,Female,63,84
FBUMG,Rural,Non-public,5LQ,18,20M2D,Female,68,85
FBUMG,Rural,Non-public,5LQ,18,39KCW,Male,66,81
FBUMG,Rural,Non-public,5LQ,18,5Z1B6,Male,68,88
FBUMG,Rural,Non-public,5LQ,18,6TLU8,Female,66,81
FBUMG,Rural,Non-public,5LQ,18,ATQQJ,Female,68,82
FBUMG,Rural,Non-public,5LQ,18,AYEU1,Male,68,79
FBUMG,Rural,Non-public,5LQ,18,B9FSU,Male,69,83
FBUMG,Rural,Non-public,5LQ,18,EV13K,Female,66,83
FBUMG,Rural,Non-public,5LQ,18,I5H37,Male,65,83
FBUMG,Rural,Non-public,5LQ,18,JC5I9,Female,58,80
FBUMG,Rural,Non-public,5LQ,18,JPE2J,Male,59,81
FBUMG,Rural,Non-public,5LQ,18,MFBYU,Female,73,82
FBUMG,Rural,Non-public,5LQ,18,O144X,Male,67,86
FBUMG,Rural,Non-public,5LQ,18,OGKP3,Male,72,83
FBUMG,Rural,Non-public,5LQ,18,UMFI7,Female,56,73
FBUMG,Rural,Non-public,5LQ,18,V1DNJ,Male,61,76
FBUMG,Rural,Non-public,5LQ,18,YRN9S,Male,68,87
FBUMG,Rural,Non-public,JGD,14,07R5Z,Male,57,79
FBUMG,Rural,Non-public,JGD,14,39K0Q,Female,62,76
FBUMG,Rural,Non-public,JGD,14,3BUJG,Male,58,68
FBUMG,Rural,Non-public,JGD,14,7PML3,Male,56,69
FBUMG,Rural,Non-public,JGD,14,8FLEP,Female,64,76
FBUMG,Rural,Non-public,JGD,14,95X1X,Male,58,73
FBUMG,Rural,Non-public,JGD,14,IW48S,Male,63,78
FBUMG,Rural,Non-public,JGD,14,K0K0N,Male,58,77
FBUMG,Rural,Non-public,JGD,14,NU48M,Female,61,77
FBUMG,Rural,Non-public,JGD,14,OE2B4,Female,60,74
FBUMG,Rural,Non-public,JGD,14,UUSTB,Male,55,72
FBUMG,Rural,Non-public,JGD,14,VK6OF,Male,59,74
FBUMG,Rural,Non-public,JGD,14,XK8M9,Female,64,80
FBUMG,Rural,Non-public,JGD,14,Y9GZZ,Female,65,75
GJJHK,Suburban,Public,HCB,22,34ANF,Female,47,61
GJJHK,Suburban,Public,HCB,22,40S5U,Male,38,49
GJJHK,Suburban,Public,HCB,22,4GUP5,Male,47,60
GJJHK,Suburban,Public,HCB,22,7JBMI,Female,48,61
GJJHK,Suburban,Public,HCB,22,7KY71,Female,46,58
GJJHK,Suburban,Public,HCB,22,8EZAA,Male,53,55
GJJHK,Suburban,Public,HCB,22,9P75A,Female,44,58
GJJHK,Suburban,Public,HCB,22,AIU1M,Female,45,57
GJJHK,Suburban,Public,HCB,22,CT443,Female,48,61
GJJHK,Suburban,Public,HCB,22,EH504,Female,46,55
GJJHK,Suburban,Public,HCB,22,EUYRP,Female,47,59
GJJHK,Suburban,Public,HCB,22,F25BI,Male,48,61
GJJHK,Suburban,Public,HCB,22,I7CCK,Female,41,61
GJJHK,Suburban,Public,HCB,22,IZMFR,Female,44,59
GJJHK,Suburban,Public,HCB,22,KEQ3F,Female,46,57
GJJHK,Suburban,Public,HCB,22,LH25F,Male,39,50
GJJHK,Suburban,Public,HCB,22,LM4OR,Female,44,57
GJJHK,Suburban,Public,HCB,22,P3N7B,Female,44,56
GJJHK,Suburban,Public,HCB,22,PFAAM,Female,48,58
GJJHK,Suburban,Public,HCB,22,RX0B1,Female,45,55
GJJHK,Suburban,Public,HCB,22,S8IFL,Male,45,56
GJJHK,Suburban,Public,HCB,22,UXH3Z,Male,46,64
GJJHK,Suburban,Public,NOR,27,0NJH4,Female,61,75
GJJHK,Suburban,Public,NOR,27,4MEAA,Female,60,76
GJJHK,Suburban,Public,NOR,27,4RJ6D,Male,59,79
GJJHK,Suburban,Public,NOR,27,5X4KE,Male,66,82
GJJHK,Suburban,Public,NOR,27,71A2K,Female,65,76
GJJHK,Suburban,Public,NOR,27,72VS3,Male,60,78
GJJHK,Suburban,Public,NOR,27,7812G,Female,59,79
GJJHK,Suburban,Public,NOR,27,7QOXC,Male,60,75
GJJHK,Suburban,Public,NOR,27,9Z43Y,Female,65,82
GJJHK,Suburban,Public,NOR,27,AWC27,Male,62,74
GJJHK,Suburban,Public,NOR,27,B9JUN,Female,65,79
GJJHK,Suburban,Public,NOR,27,BVRKY,Female,61,72
GJJHK,Suburban,Public,NOR,27,CGV37,Male,66,79
GJJHK,Suburban,Public,NOR,27,CNEYB,Male,59,75
GJJHK,Suburban,Public,NOR,27,DUG1A,Male,61,79
GJJHK,Suburban,Public,NOR,27,FBVVD,Male,65,80
GJJHK,Suburban,Public,NOR,27,I0L86,Female,65,81
GJJHK,Suburban,Public,NOR,27,I30XE,Female,61,85
GJJHK,Suburban,Public,NOR,27,JH2PX,Male,63,78
GJJHK,Suburban,Public,NOR,27,PNO97,Female,64,79
GJJHK,Suburban,Public,NOR,27,QZJWC,Female,60,77
GJJHK,Suburban,Public,NOR,27,RUPTX,Female,60,73
GJJHK,Suburban,Public,NOR,27,TMN52,Male,65,84
GJJHK,Suburban,Public,NOR,27,WPYXQ,Female,68,83
GJJHK,Suburban,Public,NOR,27,YPLB7,Female,67,81
GJJHK,Suburban,Public,NOR,27,ZH0UC,Female,60,74
GJJHK,Suburban,Public,NOR,27,ZLIIF,Male,64,77
GJJHK,Suburban,Public,X78,21,0YINX,Male,55,64
GJJHK,Suburban,Public,X78,21,1X80E,Female,59,64
GJJHK,Suburban,Public,X78,21,42M64,Male,53,65
GJJHK,Suburban,Public,X78,21,4EPVT,Male,59,69
GJJHK,Suburban,Public,X78,21,6TS1O,Male,52,61
GJJHK,Suburban,Public,X78,21,7X7KI,Male,53,64
GJJHK,Suburban,Public,X78,21,AX6YY,Female,53,63
GJJHK,Suburban,Public,X78,21,CZSGJ,Female,58,65
GJJHK,Suburban,Public,X78,21,IJKWF,Female,55,72
GJJHK,Suburban,Public,X78,21,ILS1W,Male,62,72
GJJHK,Suburban,Public,X78,21,KUH3Q,Male,57,60
GJJHK,Suburban,Public,X78,21,LFC9U,Male,59,70
GJJHK,Suburban,Public,X78,21,MIGU8,Male,52,65
GJJHK,Suburban,Public,X78,21,MMT5M,Male,63,74
GJJHK,Suburban,Public,X78,21,R1PZ7,Female,57,69
GJJHK,Suburban,Public,X78,21,RWS2C,Male,55,63
GJJHK,Suburban,Public,X78,21,SJ05X,Female,54,69
GJJHK,Suburban,Public,X78,21,USMBE,Female,54,69
GJJHK,Suburban,Public,X78,21,W1RIV,Male,52,62
GJJHK,Suburban,Public,X78,21,ZJ7VU,Male,56,65
GJJHK,Suburban,Public,X78,21,ZJHIT,Male,56,62
GJJHK,Suburban,Public,YUC,21,0G5ME,Female,52,57
GJJHK,Suburban,Public,YUC,21,0TIVQ,Female,47,57
GJJHK,Suburban,Public,YUC,21,3RFLZ,Female,45,49
GJJHK,Suburban,Public,YUC,21,5TM1N,Female,47,54
GJJHK,Suburban,Public,YUC,21,73BV7,Female,48,55
GJJHK,Suburban,Public,YUC,21,7K35Q,Female,45,54
GJJHK,Suburban,Public,YUC,21,7SD9P,Male,46,59
GJJHK,Suburban,Public,YUC,21,8D526,Male,49,58
GJJHK,Suburban,Public,YUC,21,9S1OP,Male,47,62
GJJHK,Suburban,Public,YUC,21,DZP4C,Female,44,55
GJJHK,Suburban,Public,YUC,21,F3VMF,Female,47,59
GJJHK,Suburban,Public,YUC,21,FYE5C,Female,48,59
GJJHK,Suburban,Public,YUC,21,K3DEI,Female,41,54
GJJHK,Suburban,Public,YUC,21,K6QF7,Female,42,53
GJJHK,Suburban,Public,YUC,21,M14K7,Male,45,60
GJJHK,Suburban,Public,YUC,21,N1YBR,Female,52,59
GJJHK,Suburban,Public,YUC,21,O6C2E,Female,44,51
GJJHK,Suburban,Public,YUC,21,P259Z,Female,50,55
GJJHK,Suburban,Public,YUC,21,QUOMH,Female,40,53
GJJHK,Suburban,Public,YUC,21,RT30S,Male,40,51
GJJHK,Suburban,Public,YUC,21,S85CT,Male,44,57
GJJHK,Suburban,Public,ZDT,27,1AP9Z,Female,58,67
GJJHK,Suburban,Public,ZDT,27,2WHU2,Male,54,60
GJJHK,Suburban,Public,ZDT,27,74BU8,Male,51,63
GJJHK,Suburban,Public,ZDT,27,79WZ1,Male,52,59
GJJHK,Suburban,Public,ZDT,27,7ZTHI,Female,57,70
GJJHK,Suburban,Public,ZDT,27,8FPNB,Female,54,65
GJJHK,Suburban,Public,ZDT,27,B1OMF,Male,56,66
GJJHK,Suburban,Public,ZDT,27,BED44,Male,52,59
GJJHK,Suburban,Public,ZDT,27,CL6FV,Male,55,69
GJJHK,Suburban,Public,ZDT,27,DXOUM,Male,49,62
GJJHK,Suburban,Public,ZDT,27,EPWXS,Male,52,63
GJJHK,Suburban,Public,ZDT,27,FIRGN,Male,55,64
GJJHK,Suburban,Public,ZDT,27,FZMZP,Female,57,63
GJJHK,Suburban,Public,ZDT,27,GI2EF,Male,54,67
GJJHK,Suburban,Public,ZDT,27,HKS1U,Female,56,64
GJJHK,Suburban,Public,ZDT,27,K0K0A,Female,54,66
GJJHK,Suburban,Public,ZDT,27,K6ZPT,Male,50,63
GJJHK,Suburban,Public,ZDT,27,L8312,Female,54,63
GJJHK,Suburban,Public,ZDT,27,LB2TH,Male,48,61
GJJHK,Suburban,Public,ZDT,27,ND7EU,Female,60,69
GJJHK,Suburban,Public,ZDT,27,O8YKS,Female,54,63
GJJHK,Suburban,Public,ZDT,27,SPPI3,Female,55,65
GJJHK,Suburban,Public,ZDT,27,U2EMB,Female,52,68
GJJHK,Suburban,Public,ZDT,27,UKJAZ,Male,49,65
GJJHK,Suburban,Public,ZDT,27,VKH07,Male,55,61
GJJHK,Suburban,Public,ZDT,27,W5NUO,Male,52,66
GJJHK,Suburban,Public,ZDT,27,XRD78,Female,55,64
GOKXL,Rural,Public,ENO,22,4KZTB,Female,50,72
GOKXL,Rural,Public,ENO,22,73OKF,Female,57,70
GOKXL,Rural,Public,ENO,22,7GLHH,Male,58,70
GOKXL,Rural,Public,ENO,22,7PFTS,Male,61,72
GOKXL,Rural,Public,ENO,22,86R4S,Female,60,70
GOKXL,Rural,Public,ENO,22,99V7R,Male,55,71
GOKXL,Rural,Public,ENO,22,9TO9F,Male,55,68
GOKXL,Rural,Public,ENO,22,B5Y1R,Male,55,74
GOKXL,Rural,Public,ENO,22,BVRN8,Female,52,65
GOKXL,Rural,Public,ENO,22,C9ZJQ,Female,53,72
GOKXL,Rural,Public,ENO,22,DNCDV,Male,54,72
GOKXL,Rural,Public,ENO,22,GK1Q3,Female,51,62
GOKXL,Rural,Public,ENO,22,HCOHF,Male,56,72
GOKXL,Rural,Public,ENO,22,K2N0T,Female,59,77
GOKXL,Rural,Public,ENO,22,KI2M3,Male,51,69
GOKXL,Rural,Public,ENO,22,NK5EF,Male,50,69
GOKXL,Rural,Public,ENO,22,PLX9B,Female,59,75
GOKXL,Rural,Public,ENO,22,RFVK8,Female,59,70
GOKXL,Rural,Public,ENO,22,RTGSE,Female,52,69
GOKXL,Rural,Public,ENO,22,SQBOO,Male,54,69
GOKXL,Rural,Public,ENO,22,UPAJX,Male,46,65
GOKXL,Rural,Public,ENO,22,YSVSY,Male,49,67
GOKXL,Rural,Public,TSA,23,1990J,Female,56,70
GOKXL,Rural,Public,TSA,23,2UYFR,Male,54,72
GOKXL,Rural,Public,TSA,23,31EAI,Male,57,71
GOKXL,Rural,Public,TSA,23,5H30M,Male,54,68
GOKXL,Rural,Public,TSA,23,6THJV,Male,58,68
GOKXL,Rural,Public,TSA,23,8GKA1,Male,59,70
GOKXL,Rural,Public,TSA,23,B7ZPX,Female,55,71
GOKXL,Rural,Public,TSA,23,CESCR,Female,51,69
GOKXL,Rural,Public,TSA,23,DZLHN,Female,58,71
GOKXL,Rural,Public,TSA,23,EJH9S,Male,54,74
GOKXL,Rural,Public,TSA,23,ENASL,Male,53,68
GOKXL,Rural,Public,TSA,23,GVLVE,Male,52,68
GOKXL,Rural,Public,TSA,23,H6KJ5,Male,51,66
GOKXL,Rural,Public,TSA,23,JHKPJ,Female,54,72
GOKXL,Rural,Public,TSA,23,JX1DB,Female,48,63
GOKXL,Rural,Public,TSA,23,L1D2K,Male,56,74
GOKXL,Rural,Public,TSA,23,LBNRH,Male,52,70
GOKXL,Rural,Public,TSA,23,NRU3S,Male,53,61
GOKXL,Rural,Public,TSA,23,PUU4A,Female,54,69
GOKXL,Rural,Public,TSA,23,QOXPF,Male,50,67
GOKXL,Rural,Public,TSA,23,R4P1G,Male,48,70
GOKXL,Rural,Public,TSA,23,XHFUX,Male,56,75
GOKXL,Rural,Public,TSA,23,ZRYLC,Male,53,69
GOKXL,Rural,Public,VA6,19,0YXPR,Female,48,56
GOKXL,Rural,Public,VA6,19,1QIW0,Male,49,57
GOKXL,Rural,Public,VA6,19,1SDXS,Female,40,52
GOKXL,Rural,Public,VA6,19,6BFD2,Male,42,61
GOKXL,Rural,Public,VA6,19,876R0,Male,43,57
GOKXL,Rural,Public,VA6,19,APD4B,Male,43,56
GOKXL,Rural,Public,VA6,19,AXE5J,Female,47,53
GOKXL,Rural,Public,VA6,19,BPVY4,Female,44,53
GOKXL,Rural,Public,VA6,19,BR5EY,Female,42,53
GOKXL,Rural,Public,VA6,19,CR5FB,Male,45,53
GOKXL,Rural,Public,VA6,19,IJPLC,Male,44,53
GOKXL,Rural,Public,VA6,19,M5UK3,Female,44,57
GOKXL,Rural,Public,VA6,19,MOCJB,Male,41,50
GOKXL,Rural,Public,VA6,19,R8JLM,Female,39,48
GOKXL,Rural,Public,VA6,19,RTKNR,Male,39,48
GOKXL,Rural,Public,VA6,19,TME5H,Female,43,53
GOKXL,Rural,Public,VA6,19,WUYJ3,Female,45,57
GOKXL,Rural,Public,VA6,19,YT5M3,Male,45,53
GOKXL,Rural,Public,VA6,19,Z2T0F,Male,36,51
GOOBU,Urban,Public,18K,31,0KZS6,Female,47,58
GOOBU,Urban,Public,18K,31,3XNVR,Male,50,57
GOOBU,Urban,Public,18K,31,4MTC1,Male,48,53
GOOBU,Urban,Public,18K,31,7QOXV,Female,53,57
GOOBU,Urban,Public,18K,31,AQCB5,Male,46,59
GOOBU,Urban,Public,18K,31,BGPAQ,Male,46,54
GOOBU,Urban,Public,18K,31,BV3MI,Male,45,51
GOOBU,Urban,Public,18K,31,BXPDJ,Female,44,55
GOOBU,Urban,Public,18K,31,F1JQ8,Male,50,56
GOOBU,Urban,Public,18K,31,FW95I,Male,49,58
GOOBU,Urban,Public,18K,31,G1R40,Male,42,56
GOOBU,Urban,Public,18K,31,H02VP,Male,47,53
GOOBU,Urban,Public,18K,31,JQ4OT,Female,44,57
GOOBU,Urban,Public,18K,31,K8AKM,Male,44,59
GOOBU,Urban,Public,18K,31,KHMUC,Female,49,55
GOOBU,Urban,Public,18K,31,N1N93,Female,47,55
GOOBU,Urban,Public,18K,31,NT35W,Male,42,54
GOOBU,Urban,Public,18K,31,P6MIL,Female,48,58
GOOBU,Urban,Public,18K,31,PLN0Y,Male,45,51
GOOBU,Urban,Public,18K,31,T72EG,Male,42,52
GOOBU,Urban,Public,18K,31,U46W3,Female,43,60
GOOBU,Urban,Public,18K,31,V3J4V,Female,52,59
GOOBU,Urban,Public,18K,31,VIVT4,Female,41,53
GOOBU,Urban,Public,18K,31,VMAIX,Female,50,57
GOOBU,Urban,Public,18K,31,X01MT,Male,42,51
GOOBU,Urban,Public,18K,31,X1KJ2,Female,47,59
GOOBU,Urban,Public,18K,31,XVQ6F,Female,41,57
GOOBU,Urban,Public,18K,31,YVDVY,Female,55,62
GOOBU,Urban,Public,18K,31,YW9AS,Male,48,58
GOOBU,Urban,Public,18K,31,ZAUS9,Male,51,62
GOOBU,Urban,Public,18K,31,ZLJJG,Female,42,51
GOOBU,Urban,Public,CXC,24,11I5O,Male,31,39
GOOBU,Urban,Public,CXC,24,2G98P,Female,35,43
GOOBU,Urban,Public,CXC,24,3EO9U,Female,31,45
GOOBU,Urban,Public,CXC,24,3JJUP,Male,38,45
GOOBU,Urban,Public,CXC,24,7X0DK,Male,33,47
GOOBU,Urban,Public,CXC,24,8AP2H,Female,27,42
GOOBU,Urban,Public,CXC,24,CF84B,Male,36,44
GOOBU,Urban,Public,CXC,24,DVU8C,Female,33,46
GOOBU,Urban,Public,CXC,24,F4L64,Female,30,43
GOOBU,Urban,Public,CXC,24,GXVMO,Female,33,43
GOOBU,Urban,Public,CXC,24,HPY7B,Female,36,43
GOOBU,Urban,Public,CXC,24,ITHSP,Male,36,45
GOOBU,Urban,Public,CXC,24,IXGKA,Male,30,42
GOOBU,Urban,Public,CXC,24,J65X1,Male,33,43
GOOBU,Urban,Public,CXC,24,JQC0G,Female,34,48
GOOBU,Urban,Public,CXC,24,JQPK7,Female,37,41
GOOBU,Urban,Public,CXC,24,JX5I4,Female,33,36
GOOBU,Urban,Public,CXC,24,KSX2Y,Male,33,40
GOOBU,Urban,Public,CXC,24,QUDU5,Female,32,45
GOOBU,Urban,Public,CXC,24,S5SBH,Female,29,44
GOOBU,Urban,Public,CXC,24,UPVQB,Female,39,52
GOOBU,Urban,Public,CXC,24,Y1CCJ,Female,38,48
GOOBU,Urban,Public,CXC,24,YSJ06,Male,29,41
GOOBU,Urban,Public,CXC,24,ZCA7A,Female,33,46
GOOBU,Urban,Public,HKF,28,09J0H,Female,28,43
GOOBU,Urban,Public,HKF,28,5FVZF,Male,33,41
GOOBU,Urban,Public,HKF,28,6GLIV,Female,37,44
GOOBU,Urban,Public,HKF,28,76TQY,Male,28,45
GOOBU,Urban,Public,HKF,28,78IT6,Female,32,32
GOOBU,Urban,Public,HKF,28,85XTO,Female,30,43
GOOBU,Urban,Public,HKF,28,8BONX,Male,31,38
GOOBU,Urban,Public,HKF,28,8LIDQ,Female,27,43
GOOBU,Urban,Public,HKF,28,C5QDD,Female,28,45
GOOBU,Urban,Public,HKF,28,ESWTA,Male,32,38
GOOBU,Urban,Public,HKF,28,ET5M9,Female,23,35
GOOBU,Urban,Public,HKF,28,G7UZ5,Male,30,39
GOOBU,Urban,Public,HKF,28,I6HEI,Female,33,42
GOOBU,Urban,Public,HKF,28,JR3ZP,Female,30,39
GOOBU,Urban,Public,HKF,28,LRVKJ,Male,30,44
GOOBU,Urban,Public,HKF,28,LTIOX,Male,26,34
GOOBU,Urban,Public,HKF,28,LW21L,Male,31,42
GOOBU,Urban,Public,HKF,28,M78WF,Male,30,41
GOOBU,Urban,Public,HKF,28,P4SN4,Male,36,44
GOOBU,Urban,Public,HKF,28,T7HV4,Male,27,39
GOOBU,Urban,Public,HKF,28,TJ7G8,Male,36,43
GOOBU,Urban,Public,HKF,28,UG0VP,Male,30,41
GOOBU,Urban,Public,HKF,28,UJQR2,Female,32,42
GOOBU,Urban,Public,HKF,28,UVLBR,Female,31,45
GOOBU,Urban,Public,HKF,28,W20C6,Female,34,43
GOOBU,Urban,Public,HKF,28,Y7AXC,Male,30,40
GOOBU,Urban,Public,HKF,28,ZC4LX,Male,30,44
GOOBU,Urban,Public,HKF,28,ZDEIJ,Female,33,40
GOOBU,Urban,Public,PBA,24,0DXGZ,Male,41,49
GOOBU,Urban,Public,PBA,24,0OW7I,Male,40,50
GOOBU,Urban,Public,PBA,24,1DA31,Male,37,45
GOOBU,Urban,Public,PBA,24,1GWDJ,Male,37,44
GOOBU,Urban,Public,PBA,24,2EXQP,Female,40,51
GOOBU,Urban,Public,PBA,24,2PEWE,Male,41,51
GOOBU,Urban,Public,PBA,24,4TYTZ,Male,37,50
GOOBU,Urban,Public,PBA,24,56VOR,Male,36,49
GOOBU,Urban,Public,PBA,24,5W6IT,Male,41,54
GOOBU,Urban,Public,PBA,24,6KYW4,Female,40,52
GOOBU,Urban,Public,PBA,24,9GEEG,Male,39,46
GOOBU,Urban,Public,PBA,24,B9AML,Male,40,49
GOOBU,Urban,Public,PBA,24,BG9FM,Male,42,50
GOOBU,Urban,Public,PBA,24,BHSCF,Male,39,48
GOOBU,Urban,Public,PBA,24,EQDEK,Male,45,54
GOOBU,Urban,Public,PBA,24,FZ955,Female,42,48
GOOBU,Urban,Public,PBA,24,GNFMX,Female,43,54
GOOBU,Urban,Public,PBA,24,GYLI8,Male,44,54
GOOBU,Urban,Public,PBA,24,M4RH1,Male,40,51
GOOBU,Urban,Public,PBA,24,MMHV2,Male,36,48
GOOBU,Urban,Public,PBA,24,OZ1IC,Female,47,55
GOOBU,Urban,Public,PBA,24,QYUIJ,Male,43,53
GOOBU,Urban,Public,PBA,24,ULA1C,Female,38,51
GOOBU,Urban,Public,PBA,24,XDCZU,Male,40,54
GOOBU,Urban,Public,U6J,25,0TG4E,Female,44,52
GOOBU,Urban,Public,U6J,25,3CQUU,Female,40,52
GOOBU,Urban,Public,U6J,25,3TJ3A,Female,43,53
GOOBU,Urban,Public,U6J,25,6OUSM,Female,36,50
GOOBU,Urban,Public,U6J,25,9178O,Male,40,51
GOOBU,Urban,Public,U6J,25,AZJMV,Female,41,47
GOOBU,Urban,Public,U6J,25,B2JPA,Female,39,47
GOOBU,Urban,Public,U6J,25,BLF0G,Female,41,47
GOOBU,Urban,Public,U6J,25,BRSSH,Male,39,48
GOOBU,Urban,Public,U6J,25,EIV0N,Female,37,46
GOOBU,Urban,Public,U6J,25,FXW0B,Male,44,52
GOOBU,Urban,Public,U6J,25,HMVID,Female,38,44
GOOBU,Urban,Public,U6J,25,J4404,Female,35,52
GOOBU,Urban,Public,U6J,25,K6069,Male,35,48
GOOBU,Urban,Public,U6J,25,MWVPD,Male,38,51
GOOBU,Urban,Public,U6J,25,OEWJ2,Male,41,52
GOOBU,Urban,Public,U6J,25,OKZQZ,Female,31,44
GOOBU,Urban,Public,U6J,25,QSDTJ,Male,37,47
GOOBU,Urban,Public,U6J,25,RACAL,Female,36,48
GOOBU,Urban,Public,U6J,25,RJWG7,Female,41,46
GOOBU,Urban,Public,U6J,25,T1IOZ,Female,39,50
GOOBU,Urban,Public,U6J,25,TGZB2,Female,36,53
GOOBU,Urban,Public,U6J,25,U9QL7,Male,37,48
GOOBU,Urban,Public,U6J,25,YG9VR,Female,38,48
GOOBU,Urban,Public,U6J,25,YP2OF,Female,39,47
GOOBU,Urban,Public,W8A,26,10A05,Female,35,55
GOOBU,Urban,Public,W8A,26,60JJW,Male,37,54
GOOBU,Urban,Public,W8A,26,65ZZN,Male,40,59
GOOBU,Urban,Public,W8A,26,6M88W,Male,37,61
GOOBU,Urban,Public,W8A,26,7H9LF,Female,40,57
GOOBU,Urban,Public,W8A,26,93CDF,Female,34,54
GOOBU,Urban,Public,W8A,26,9DKQ9,Female,39,56
GOOBU,Urban,Public,W8A,26,9UN3Z,Male,36,55
GOOBU,Urban,Public,W8A,26,A3JJP,Female,36,57
GOOBU,Urban,Public,W8A,26,AHIZI,Male,45,64
GOOBU,Urban,Public,W8A,26,BUDF2,Male,36,57
GOOBU,Urban,Public,W8A,26,D76QH,Male,40,60
GOOBU,Urban,Public,W8A,26,FFCHO,Male,42,55
GOOBU,Urban,Public,W8A,26,HLTZ9,Male,38,59
GOOBU,Urban,Public,W8A,26,J0V3K,Male,40,56
GOOBU,Urban,Public,W8A,26,JOWGS,Female,34,56
GOOBU,Urban,Public,W8A,26,KG0JT,Female,40,54
GOOBU,Urban,Public,W8A,26,KVGQU,Male,38,53
GOOBU,Urban,Public,W8A,26,M34JB,Female,40,50
GOOBU,Urban,Public,W8A,26,M3Q4U,Male,40,55
GOOBU,Urban,Public,W8A,26,NFXF0,Female,42,60
GOOBU,Urban,Public,W8A,26,QQJEC,Female,36,59
GOOBU,Urban,Public,W8A,26,RDNR9,Male,36,51
GOOBU,Urban,Public,W8A,26,SC382,Female,41,58
GOOBU,Urban,Public,W8A,26,UYKRK,Female,44,58
GOOBU,Urban,Public,W8A,26,UYY4U,Female,39,56
IDGFP,Urban,Non-public,05H,22,1Q5IJ,Female,74,82
IDGFP,Urban,Non-public,05H,22,244TH,Male,74,85
IDGFP,Urban,Non-public,05H,22,2RBHS,Male,72,76
IDGFP,Urban,Non-public,05H,22,4V1FZ,Female,71,80
IDGFP,Urban,Non-public,05H,22,66F0E,Male,77,85
IDGFP,Urban,Non-public,05H,22,81HQ5,Male,79,86
IDGFP,Urban,Non-public,05H,22,AZ8TD,Female,73,82
IDGFP,Urban,Non-public,05H,22,BFTIU,Female,74,82
IDGFP,Urban,Non-public,05H,22,ECID0,Male,73,85
IDGFP,Urban,Non-public,05H,22,EKP6D,Male,74,85
IDGFP,Urban,Non-public,05H,22,LLVCV,Female,72,87
IDGFP,Urban,Non-public,05H,22,MNYAI,Male,66,88
IDGFP,Urban,Non-public,05H,22,MRJP3,Male,75,86
IDGFP,Urban,Non-public,05H,22,NNVWK,Male,74,85
IDGFP,Urban,Non-public,05H,22,O8JV2,Female,74,84
IDGFP,Urban,Non-public,05H,22,OD8GS,Male,74,85
IDGFP,Urban,Non-public,05H,22,OLXN2,Male,74,85
IDGFP,Urban,Non-public,05H,22,TDTSM,Male,69,80
IDGFP,Urban,Non-public,05H,22,VX97O,Female,71,80
IDGFP,Urban,Non-public,05H,22,WTS1I,Female,74,85
IDGFP,Urban,Non-public,05H,22,ZHM15,Female,69,81
IDGFP,Urban,Non-public,05H,22,ZJ9AC,Male,72,80
IDGFP,Urban,Non-public,98D,21,6AY2E,Female,82,93
IDGFP,Urban,Non-public,98D,21,70GY7,Male,79,90
IDGFP,Urban,Non-public,98D,21,72NKS,Female,73,92
IDGFP,Urban,Non-public,98D,21,9D5GC,Male,78,97
IDGFP,Urban,Non-public,98D,21,A99SV,Female,74,93
IDGFP,Urban,Non-public,98D,21,BU6TQ,Male,82,87
IDGFP,Urban,Non-public,98D,21,F5H1B,Male,74,95
IDGFP,Urban,Non-public,98D,21,FZDNX,Male,77,91
IDGFP,Urban,Non-public,98D,21,GBC87,Female,78,91
IDGFP,Urban,Non-public,98D,21,HHYKH,Female,79,99
IDGFP,Urban,Non-public,98D,21,IUKHE,Female,76,92
IDGFP,Urban,Non-public,98D,21,IWFBI,Male,75,91
IDGFP,Urban,Non-public,98D,21,MKL3E,Male,72,87
IDGFP,Urban,Non-public,98D,21,NYDF6,Male,77,88
IDGFP,Urban,Non-public,98D,21,PH300,Male,71,88
IDGFP,Urban,Non-public,98D,21,Q4Q2T,Female,80,95
IDGFP,Urban,Non-public,98D,21,QZPO5,Male,73,89
IDGFP,Urban,Non-public,98D,21,SA51C,Male,77,94
IDGFP,Urban,Non-public,98D,21,U10TY,Male,78,95
IDGFP,Urban,Non-public,98D,21,UF2ZX,Male,76,90
IDGFP,Urban,Non-public,98D,21,YLIKU,Female,78,96
IDGFP,Urban,Non-public,G2L,17,0I7BC,Male,78,88
IDGFP,Urban,Non-public,G2L,17,1MZ88,Female,75,88
IDGFP,Urban,Non-public,G2L,17,3OE0R,Male,76,79
IDGFP,Urban,Non-public,G2L,17,7FG13,Female,75,84
IDGFP,Urban,Non-public,G2L,17,8JLKV,Female,70,87
IDGFP,Urban,Non-public,G2L,17,B3Q7F,Female,70,86
IDGFP,Urban,Non-public,G2L,17,BD68G,Male,69,83
IDGFP,Urban,Non-public,G2L,17,BYOML,Female,76,83
IDGFP,Urban,Non-public,G2L,17,CKFUH,Female,71,83
IDGFP,Urban,Non-public,G2L,17,DAAC3,Female,73,82
IDGFP,Urban,Non-public,G2L,17,K0RE7,Male,73,80
IDGFP,Urban,Non-public,G2L,17,KELXA,Male,78,81
IDGFP,Urban,Non-public,G2L,17,KO0KO,Female,77,83
IDGFP,Urban,Non-public,G2L,17,MABFE,Female,75,86
IDGFP,Urban,Non-public,G2L,17,NI2JW,Male,77,87
IDGFP,Urban,Non-public,G2L,17,QXGYA,Female,71,79
IDGFP,Urban,Non-public,G2L,17,T03W3,Female,69,79
IDGFP,Urban,Non-public,P2A,17,1QLNQ,Female,85,98
IDGFP,Urban,Non-public,P2A,17,37DM6,Female,83,96
IDGFP,Urban,Non-public,P2A,17,9JGL2,Female,84,99
IDGFP,Urban,Non-public,P2A,17,BYVSP,Male,86,100
IDGFP,Urban,Non-public,P2A,17,D9SR6,Female,83,100
IDGFP,Urban,Non-public,P2A,17,HXUZG,Male,89,98
IDGFP,Urban,Non-public,P2A,17,K5955,Male,85,100
IDGFP,Urban,Non-public,P2A,17,NWT24,Male,80,95
IDGFP,Urban,Non-public,P2A,17,P32P9,Male,83,100
IDGFP,Urban,Non-public,P2A,17,QXTHU,Male,93,100
IDGFP,Urban,Non-public,P2A,17,RG9R4,Male,83,100
IDGFP,Urban,Non-public,P2A,17,RVC99,Female,86,98
IDGFP,Urban,Non-public,P2A,17,SH2DM,Male,88,100
IDGFP,Urban,Non-public,P2A,17,TRDWB,Male,84,96
IDGFP,Urban,Non-public,P2A,17,UZ1YR,Male,81,95
IDGFP,Urban,Non-public,P2A,17,VT3PJ,Female,87,98
IDGFP,Urban,Non-public,P2A,17,W4KYQ,Female,81,100
IDGFP,Urban,Non-public,XZM,17,18U47,Male,64,75
IDGFP,Urban,Non-public,XZM,17,2DSRE,Female,71,81
IDGFP,Urban,Non-public,XZM,17,5NROF,Male,64,81
IDGFP,Urban,Non-public,XZM,17,66QL7,Male,66,82
IDGFP,Urban,Non-public,XZM,17,6OF17,Female,72,79
IDGFP,Urban,Non-public,XZM,17,703OV,Female,71,75
IDGFP,Urban,Non-public,XZM,17,AKMB6,Female,67,81
IDGFP,Urban,Non-public,XZM,17,EKU9C,Male,66,76
IDGFP,Urban,Non-public,XZM,17,GZBOQ,Male,68,79
IDGFP,Urban,Non-public,XZM,17,H5UUL,Male,73,81
IDGFP,Urban,Non-public,XZM,17,I284N,Female,68,80
IDGFP,Urban,Non-public,XZM,17,I3PZA,Female,71,81
IDGFP,Urban,Non-public,XZM,17,IHVXF,Male,68,76
IDGFP,Urban,Non-public,XZM,17,RGOYE,Male,63,77
IDGFP,Urban,Non-public,XZM,17,UBRDA,Female,70,86
IDGFP,Urban,Non-public,XZM,17,XBZ3J,Male,68,77
IDGFP,Urban,Non-public,XZM,17,XHZRD,Female,71,74
KFZMY,Urban,Non-public,1VD,27,1QW92,Male,39,59
KFZMY,Urban,Non-public,1VD,27,20GY6,Male,39,53
KFZMY,Urban,Non-public,1VD,27,270VO,Male,39,59
KFZMY,Urban,Non-public,1VD,27,2E0P4,Female,42,55
KFZMY,Urban,Non-public,1VD,27,47R59,Male,39,57
KFZMY,Urban,Non-public,1VD,27,4O7F9,Female,43,57
KFZMY,Urban,Non-public,1VD,27,AXQ2I,Female,37,52
KFZMY,Urban,Non-public,1VD,27,BOSK4,Female,45,67
KFZMY,Urban,Non-public,1VD,27,C2UIR,Female,45,61
KFZMY,Urban,Non-public,1VD,27,CO91R,Male,38,57
KFZMY,Urban,Non-public,1VD,27,D1K24,Female,41,51
KFZMY,Urban,Non-public,1VD,27,HHVX3,Female,40,58
KFZMY,Urban,Non-public,1VD,27,KUSRN,Male,41,55
KFZMY,Urban,Non-public,1VD,27,LRZXP,Male,47,62
KFZMY,Urban,Non-public,1VD,27,MOWQW,Female,49,62
KFZMY,Urban,Non-public,1VD,27,NTECN,Female,44,57
KFZMY,Urban,Non-public,1VD,27,O64JQ,Male,42,56
KFZMY,Urban,Non-public,1VD,27,O8S23,Male,42,50
KFZMY,Urban,Non-public,1VD,27,OO4QN,Female,43,56
KFZMY,Urban,Non-public,1VD,27,P014J,Female,43,55
KFZMY,Urban,Non-public,1VD,27,P5OPK,Female,43,56
KFZMY,Urban,Non-public,1VD,27,R0DLG,Female,37,57
KFZMY,Urban,Non-public,1VD,27,RFKQ2,Male,51,67
KFZMY,Urban,Non-public,1VD,27,S3J5U,Male,45,58
KFZMY,Urban,Non-public,1VD,27,SJNNJ,Male,43,62
KFZMY,Urban,Non-public,1VD,27,T02OH,Female,43,61
KFZMY,Urban,Non-public,1VD,27,Y5XWB,Male,39,55
KFZMY,Urban,Non-public,21Q,25,2UUOQ,Female,44,56
KFZMY,Urban,Non-public,21Q,25,43IMD,Female,40,56
KFZMY,Urban,Non-public,21Q,25,4JBGB,Male,38,49
KFZMY,Urban,Non-public,21Q,25,4Q2NT,Female,41,47
KFZMY,Urban,Non-public,21Q,25,4Y0J5,Male,42,51
KFZMY,Urban,Non-public,21Q,25,808RV,Female,43,56
KFZMY,Urban,Non-public,21Q,25,9KW69,Female,39,55
KFZMY,Urban,Non-public,21Q,25,9NRJU,Female,41,54
KFZMY,Urban,Non-public,21Q,25,ABNLD,Female,39,54
KFZMY,Urban,Non-public,21Q,25,CGCGR,Female,42,56
KFZMY,Urban,Non-public,21Q,25,CW0EO,Female,47,54
KFZMY,Urban,Non-public,21Q,25,E6EPH,Female,48,52
KFZMY,Urban,Non-public,21Q,25,FQE5C,Male,41,47
KFZMY,Urban,Non-public,21Q,25,L2D86,Female,37,49
KFZMY,Urban,Non-public,21Q,25,NS4LD,Female,42,49
KFZMY,Urban,Non-public,21Q,25,P5H5B,Female,42,51
KFZMY,Urban,Non-public,21Q,25,PFTGJ,Male,38,48
KFZMY,Urban,Non-public,21Q,25,PJ4OB,Male,45,50
KFZMY,Urban,Non-public,21Q,25,PR2SE,Male,42,54
KFZMY,Urban,Non-public,21Q,25,RZ7VK,Male,44,52
KFZMY,Urban,Non-public,21Q,25,RZ8R2,Male,39,48
KFZMY,Urban,Non-public,21Q,25,V7B7N,Female,42,53
KFZMY,Urban,Non-public,21Q,25,V8FEW,Male,44,44
KFZMY,Urban,Non-public,21Q,25,XL187,Male,39,51
KFZMY,Urban,Non-public,21Q,25,ZDWE1,Male,39,47
KZKKE,Rural,Public,2BR,20,0EBJW,Female,48,58
KZKKE,Rural,Public,2BR,20,1M0HM,Male,48,60
KZKKE,Rural,Public,2BR,20,1OGHH,Male,52,59
KZKKE,Rural,Public,2BR,20,2HYPB,Male,48,55
KZKKE,Rural,Public,2BR,20,5F5S6,Male,45,59
KZKKE,Rural,Public,2BR,20,5UKAH,Female,43,62
KZKKE,Rural,Public,2BR,20,75PYA,Female,51,62
KZKKE,Rural,Public,2BR,20,7UUD2,Male,49,62
KZKKE,Rural,Public,2BR,20,9LSG0,Female,45,56
KZKKE,Rural,Public,2BR,20,AD7YT,Male,51,61
KZKKE,Rural,Public,2BR,20,DM6UL,Female,49,55
KZKKE,Rural,Public,2BR,20,GCK1W,Male,48,54
KZKKE,Rural,Public,2BR,20,KENTO,Male,45,54
KZKKE,Rural,Public,2BR,20,O5PNU,Male,48,53
KZKKE,Rural,Public,2BR,20,OQIGJ,Female,50,55
KZKKE,Rural,Public,2BR,20,Q0U0I,Male,46,57
KZKKE,Rural,Public,2BR,20,R859E,Male,50,59
KZKKE,Rural,Public,2BR,20,RAJVR,Male,48,54
KZKKE,Rural,Public,2BR,20,W7JZI,Female,53,62
KZKKE,Rural,Public,2BR,20,WB0ZA,Female,47,56
KZKKE,Rural,Public,3D0,22,1KE7L,Female,32,40
KZKKE,Rural,Public,3D0,22,5LFSK,Female,30,43
KZKKE,Rural,Public,3D0,22,BT8BY,Male,28,42
KZKKE,Rural,Public,3D0,22,CTFB2,Male,30,42
KZKKE,Rural,Public,3D0,22,DO21O,Male,29,42
KZKKE,Rural,Public,3D0,22,EOZV5,Female,30,36
KZKKE,Rural,Public,3D0,22,FNQIP,Female,34,41
KZKKE,Rural,Public,3D0,22,GFVOX,Female,28,37
KZKKE,Rural,Public,3D0,22,GONLU,Female,29,39
KZKKE,Rural,Public,3D0,22,HF4C7,Female,29,41
KZKKE,Rural,Public,3D0,22,JBZCX,Female,29,40
KZKKE,Rural,Public,3D0,22,LK690,Female,29,40
KZKKE,Rural,Public,3D0,22,LYT0H,Female,32,39
KZKKE,Rural,Public,3D0,22,OPOZ3,Male,29,43
KZKKE,Rural,Public,3D0,22,PMVCX,Female,31,42
KZKKE,Rural,Public,3D0,22,QFYO5,Female,27,41
KZKKE,Rural,Public,3D0,22,QLIX9,Male,34,40
KZKKE,Rural,Public,3D0,22,QOAA6,Female,27,43
KZKKE,Rural,Public,3D0,22,RHOL5,Male,31,37
KZKKE,Rural,Public,3D0,22,T1N79,Female,26,38
KZKKE,Rural,Public,3D0,22,ZRQGZ,Female,32,43
KZKKE,Rural,Public,3D0,22,ZSLGX,Male,30,42
KZKKE,Rural,Public,5JK,24,04TOE,Female,33,42
KZKKE,Rural,Public,5JK,24,1ZWQW,Female,34,44
KZKKE,Rural,Public,5JK,24,2DSZC,Male,29,43
KZKKE,Rural,Public,5JK,24,8DGQQ,Male,31,42
KZKKE,Rural,Public,5JK,24,8Q0G9,Female,33,39
KZKKE,Rural,Public,5JK,24,AMERN,Male,33,44
KZKKE,Rural,Public,5JK,24,BC0AI,Male,33,45
KZKKE,Rural,Public,5JK,24,BVNY3,Male,38,44
KZKKE,Rural,Public,5JK,24,CYTS4,Female,36,46
KZKKE,Rural,Public,5JK,24,DIR4F,Male,36,43
KZKKE,Rural,Public,5JK,24,FAJ8G,Male,33,43
KZKKE,Rural,Public,5JK,24,FU2Q1,Male,37,43
KZKKE,Rural,Public,5JK,24,FYF2E,Male,34,45
KZKKE,Rural,Public,5JK,24,HQ18M,Female,29,39
KZKKE,Rural,Public,5JK,24,JNSF2,Female,33,42
KZKKE,Rural,Public,5JK,24,L33FR,Female,32,45
KZKKE,Rural,Public,5JK,24,MXRZF,Female,34,47
KZKKE,Rural,Public,5JK,24,P75GA,Female,34,45
KZKKE,Rural,Public,5JK,24,Q4ZMR,Female,36,49
KZKKE,Rural,Public,5JK,24,QA54S,Female,33,45
KZKKE,Rural,Public,5JK,24,R64X5,Male,32,44
KZKKE,Rural,Public,5JK,24,RGETN,Female,36,49
KZKKE,Rural,Public,5JK,24,UPCU5,Male,30,43
KZKKE,Rural,Public,5JK,24,XDNY7,Female,32,45
KZKKE,Rural,Public,O6A,22,04AKE,Male,48,54
KZKKE,Rural,Public,O6A,22,AQWWF,Male,40,49
KZKKE,Rural,Public,O6A,22,B00OI,Female,42,56
KZKKE,Rural,Public,O6A,22,BWKEO,Female,43,59
KZKKE,Rural,Public,O6A,22,CNER1,Male,45,55
KZKKE,Rural,Public,O6A,22,DGFMM,Female,43,57
KZKKE,Rural,Public,O6A,22,DXI2U,Male,47,59
KZKKE,Rural,Public,O6A,22,EI64V,Male,44,55
KZKKE,Rural,Public,O6A,22,G5DJK,Male,46,50
KZKKE,Rural,Public,O6A,22,GEAML,Male,45,54
KZKKE,Rural,Public,O6A,22,GZWE8,Male,45,52
KZKKE,Rural,Public,O6A,22,JKPGR,Male,47,54
KZKKE,Rural,Public,O6A,22,LXZT1,Female,43,52
KZKKE,Rural,Public,O6A,22,NC39S,Female,41,53
KZKKE,Rural,Public,O6A,22,NO7A8,Male,43,55
KZKKE,Rural,Public,O6A,22,NQWI4,Female,50,60
KZKKE,Rural,Public,O6A,22,O4GER,Female,42,50
KZKKE,Rural,Public,O6A,22,P72JH,Male,42,57
KZKKE,Rural,Public,O6A,22,U33J8,Male,37,52
KZKKE,Rural,Public,O6A,22,V1D5F,Male,45,56
KZKKE,Rural,Public,O6A,22,V6XIY,Female,43,59
KZKKE,Rural,Public,O6A,22,YMEER,Female,47,62
KZKKE,Rural,Public,QTU,23,0B12B,Male,28,40
KZKKE,Rural,Public,QTU,23,17QLQ,Female,39,47
KZKKE,Rural,Public,QTU,23,20GR2,Male,36,51
KZKKE,Rural,Public,QTU,23,5QQ2M,Female,34,49
KZKKE,Rural,Public,QTU,23,7XHBP,Female,35,46
KZKKE,Rural,Public,QTU,23,994YC,Male,31,46
KZKKE,Rural,Public,QTU,23,9C08L,Male,29,44
KZKKE,Rural,Public,QTU,23,BI4WF,Female,32,46
KZKKE,Rural,Public,QTU,23,CRILM,Male,32,38
KZKKE,Rural,Public,QTU,23,DRC00,Male,31,45
KZKKE,Rural,Public,QTU,23,EXWSY,Female,33,46
KZKKE,Rural,Public,QTU,23,IRP99,Male,32,41
KZKKE,Rural,Public,QTU,23,KG5MF,Male,35,45
KZKKE,Rural,Public,QTU,23,M2H7J,Male,31,42
KZKKE,Rural,Public,QTU,23,NF7O4,Male,36,40
KZKKE,Rural,Public,QTU,23,PA75T,Female,35,45
KZKKE,Rural,Public,QTU,23,QM9VS,Male,26,37
KZKKE,Rural,Public,QTU,23,R8HW2,Male,30,44
KZKKE,Rural,Public,QTU,23,TF7O6,Male,34,41
KZKKE,Rural,Public,QTU,23,UW2F0,Male,29,43
KZKKE,Rural,Public,QTU,23,VM3EU,Male,31,47
KZKKE,Rural,Public,QTU,23,WZ0HB,Male,32,41
KZKKE,Rural,Public,QTU,23,Y2WEZ,Female,36,45
LAYPA,Rural,Public,AJ1,21,3Z4RO,Female,65,76
LAYPA,Rural,Public,AJ1,21,7QTEC,Female,66,69
LAYPA,Rural,Public,AJ1,21,AP72E,Female,58,70
LAYPA,Rural,Public,AJ1,21,DH9JM,Female,67,79
LAYPA,Rural,Public,AJ1,21,ETID2,Male,60,70
LAYPA,Rural,Public,AJ1,21,F4UXX,Male,59,69
LAYPA,Rural,Public,AJ1,21,FZS9D,Female,58,71
LAYPA,Rural,Public,AJ1,21,G9G77,Male,62,74
LAYPA,Rural,Public,AJ1,21,JW2EJ,Male,60,68
LAYPA,Rural,Public,AJ1,21,KDH19,Female,66,74
LAYPA,Rural,Public,AJ1,21,RL650,Female,59,70
LAYPA,Rural,Public,AJ1,21,RNSGC,Male,63,70
LAYPA,Rural,Public,AJ1,21,S2YL9,Male,57,67
LAYPA,Rural,Public,AJ1,21,T777S,Female,58,70
LAYPA,Rural,Public,AJ1,21,T9G1Q,Male,58,71
LAYPA,Rural,Public,AJ1,21,TZZPN,Male,65,71
LAYPA,Rural,Public,AJ1,21,UE2TY,Female,67,74
LAYPA,Rural,Public,AJ1,21,VKIEK,Female,66,72
LAYPA,Rural,Public,AJ1,21,VLB5M,Female,63,72
LAYPA,Rural,Public,AJ1,21,XM0J9,Female,59,73
LAYPA,Rural,Public,AJ1,21,YAHWM,Male,64,73
LAYPA,Rural,Public,J8J,19,24PRY,Male,62,71
LAYPA,Rural,Public,J8J,19,AEGY3,Female,53,71
LAYPA,Rural,Public,J8J,19,BH0EA,Male,56,71
LAYPA,Rural,Public,J8J,19,DNFA3,Female,66,72
LAYPA,Rural,Public,J8J,19,E794Z,Male,65,72
LAYPA,Rural,Public,J8J,19,EYQXU,Male,62,70
LAYPA,Rural,Public,J8J,19,FD8K3,Female,60,75
LAYPA,Rural,Public,J8J,19,GWG8B,Male,59,67
LAYPA,Rural,Public,J8J,19,H1F9J,Male,60,70
LAYPA,Rural,Public,J8J,19,IQ0AV,Male,63,72
LAYPA,Rural,Public,J8J,19,KJB8T,Female,62,73
LAYPA,Rural,Public,J8J,19,LKLZR,Female,66,71
LAYPA,Rural,Public,J8J,19,P8278,Female,56,63
LAYPA,Rural,Public,J8J,19,POKHM,Female,60,71
LAYPA,Rural,Public,J8J,19,QW175,Female,59,69
LAYPA,Rural,Public,J8J,19,VF28H,Male,54,65
LAYPA,Rural,Public,J8J,19,W9FKB,Female,61,70
LAYPA,Rural,Public,J8J,19,X5W90,Female,60,66
LAYPA,Rural,Public,J8J,19,YZVDZ,Female,60,70
LAYPA,Rural,Public,RA5,17,4SU16,Male,65,82
LAYPA,Rural,Public,RA5,17,6M3HN,Male,66,82
LAYPA,Rural,Public,RA5,17,7Q9LQ,Female,67,83
LAYPA,Rural,Public,RA5,17,CES33,Female,68,84
LAYPA,Rural,Public,RA5,17,FMADC,Male,63,74
LAYPA,Rural,Public,RA5,17,GF6MA,Female,63,80
LAYPA,Rural,Public,RA5,17,GOPGB,Male,56,72
LAYPA,Rural,Public,RA5,17,I115S,Female,60,78
LAYPA,Rural,Public,RA5,17,JFR4G,Male,63,81
LAYPA,Rural,Public,RA5,17,O0CCH,Female,65,80
LAYPA,Rural,Public,RA5,17,PPU2J,Male,68,80
LAYPA,Rural,Public,RA5,17,PTA70,Female,64,79
LAYPA,Rural,Public,RA5,17,R0Z5D,Female,65,79
LAYPA,Rural,Public,RA5,17,X916N,Male,67,83
LAYPA,Rural,Public,RA5,17,XQ69V,Female,62,80
LAYPA,Rural,Public,RA5,17,YU9XI,Female,63,83
LAYPA,Rural,Public,RA5,17,Z1ZME,Female,67,78
OJOBU,Rural,Public,5SZ,17,9N9B1,Female,56,71
OJOBU,Rural,Public,5SZ,17,CDRUO,Female,62,77
OJOBU,Rural,Public,5SZ,17,DBWEY,Male,63,77
OJOBU,Rural,Public,5SZ,17,DOV3H,Male,58,79
OJOBU,Rural,Public,5SZ,17,EL1BK,Male,61,78
OJOBU,Rural,Public,5SZ,17,EXWEA,Male,65,78
OJOBU,Rural,Public,5SZ,17,HWJG5,Male,58,72
OJOBU,Rural,Public,5SZ,17,K1FZT,Male,61,80
OJOBU,Rural,Public,5SZ,17,KGZK8,Male,67,84
OJOBU,Rural,Public,5SZ,17,N4AJE,Male,58,78
OJOBU,Rural,Public,5SZ,17,PQFNG,Male,62,78
OJOBU,Rural,Public,5SZ,17,SYCX7,Male,65,78
OJOBU,Rural,Public,5SZ,17,VZ1NV,Female,63,81
OJOBU,Rural,Public,5SZ,17,W6HC7,Male,62,77
OJOBU,Rural,Public,5SZ,17,WLJYG,Male,62,82
OJOBU,Rural,Public,5SZ,17,ZOAK4,Female,63,82
OJOBU,Rural,Public,5SZ,17,ZVM0Q,Female,60,81
OJOBU,Rural,Public,6U9,22,16CA3,Female,50,60
OJOBU,Rural,Public,6U9,22,2XO1P,Male,47,62
OJOBU,Rural,Public,6U9,22,74C33,Male,48,58
OJOBU,Rural,Public,6U9,22,8PV7H,Male,43,51
OJOBU,Rural,Public,6U9,22,BIN4L,Female,50,59
OJOBU,Rural,Public,6U9,22,BNGRW,Female,48,58
OJOBU,Rural,Public,6U9,22,BZZOL,Male,48,60
OJOBU,Rural,Public,6U9,22,E2AAO,Male,44,56
OJOBU,Rural,Public,6U9,22,IAKEV,Male,51,60
OJOBU,Rural,Public,6U9,22,K6ZLE,Female,44,56
OJOBU,Rural,Public,6U9,22,KG40V,Female,53,62
OJOBU,Rural,Public,6U9,22,MBLOL,Male,47,55
OJOBU,Rural,Public,6U9,22,MESP7,Female,46,50
OJOBU,Rural,Public,6U9,22,N6JN2,Female,50,53
OJOBU,Rural,Public,6U9,22,O9YAY,Female,53,59
OJOBU,Rural,Public,6U9,22,OQBYX,Male,47,58
OJOBU,Rural,Public,6U9,22,QPY1S,Male,45,57
OJOBU,Rural,Public,6U9,22,RDYAU,Male,49,60
OJOBU,Rural,Public,6U9,22,RQT3M,Male,45,56
OJOBU,Rural,Public,6U9,22,TSOM0,Male,47,58
OJOBU,Rural,Public,6U9,22,V2JU6,Male,49,68
OJOBU,Rural,Public,6U9,22,WR4NN,Male,44,54
OJOBU,Rural,Public,FS3,19,3ZUP5,Male,60,70
OJOBU,Rural,Public,FS3,19,4AV4I,Male,55,68
OJOBU,Rural,Public,FS3,19,4SQKQ,Male,59,68
OJOBU,Rural,Public,FS3,19,50MY6,Male,60,71
OJOBU,Rural,Public,FS3,19,6I95C,Male,64,76
OJOBU,Rural,Public,FS3,19,7IRLR,Female,62,74
OJOBU,Rural,Public,FS3,19,A0IVI,Male,63,71
OJOBU,Rural,Public,FS3,19,AJN0V,Male,60,66
OJOBU,Rural,Public,FS3,19,GVD77,Male,58,68
OJOBU,Rural,Public,FS3,19,I618Z,Female,61,72
OJOBU,Rural,Public,FS3,19,J2AQX,Female,62,73
OJOBU,Rural,Public,FS3,19,KC6W4,Male,59,72
OJOBU,Rural,Public,FS3,19,LASVX,Male,57,73
OJOBU,Rural,Public,FS3,19,QUDKL,Female,66,72
OJOBU,Rural,Public,FS3,19,RD5O5,Male,61,75
OJOBU,Rural,Public,FS3,19,RFA8S,Male,61,71
OJOBU,Rural,Public,FS3,19,V81SU,Female,55,68
OJOBU,Rural,Public,FS3,19,VXJGW,Male,57,68
OJOBU,Rural,Public,FS3,19,WMMW4,Female,58,68
OJOBU,Rural,Public,XJ8,23,1VMNH,Male,59,66
OJOBU,Rural,Public,XJ8,23,49F3U,Male,62,69
OJOBU,Rural,Public,XJ8,23,6QWJK,Male,53,62
OJOBU,Rural,Public,XJ8,23,8TE8Y,Female,52,70
OJOBU,Rural,Public,XJ8,23,AC5BK,Female,63,73
OJOBU,Rural,Public,XJ8,23,AD5OK,Male,55,62
OJOBU,Rural,Public,XJ8,23,AFWCA,Male,56,67
OJOBU,Rural,Public,XJ8,23,CXMKS,Male,57,67
OJOBU,Rural,Public,XJ8,23,DKUQ5,Male,54,63
OJOBU,Rural,Public,XJ8,23,E9UFB,Male,59,62
OJOBU,Rural,Public,XJ8,23,GK7UQ,Male,59,71
OJOBU,Rural,Public,XJ8,23,I93O1,Female,55,66
OJOBU,Rural,Public,XJ8,23,ILXQY,Female,53,68
OJOBU,Rural,Public,XJ8,23,KZPFA,Female,57,67
OJOBU,Rural,Public,XJ8,23,LJSMA,Male,61,67
OJOBU,Rural,Public,XJ8,23,MASAB,Female,57,69
OJOBU,Rural,Public,XJ8,23,MF1NR,Male,60,65
OJOBU,Rural,Public,XJ8,23,PYKYM,Female,58,74
OJOBU,Rural,Public,XJ8,23,UCM5B,Female,59,68
OJOBU,Rural,Public,XJ8,23,W1EY9,Male,58,66
OJOBU,Rural,Public,XJ8,23,YGARH,Male,59,68
OJOBU,Rural,Public,XJ8,23,YPXKI,Male,58,74
OJOBU,Rural,Public,XJ8,23,ZGDQE,Male,56,62
QOQTS,Urban,Public,0N7,28,1X4LE,Female,44,57
QOQTS,Urban,Public,0N7,28,3K8VB,Female,43,61
QOQTS,Urban,Public,0N7,28,4FOOR,Male,45,57
QOQTS,Urban,Public,0N7,28,6F38N,Male,44,58
QOQTS,Urban,Public,0N7,28,6V19X,Male,47,64
QOQTS,Urban,Public,0N7,28,7LULA,Male,42,66
QOQTS,Urban,Public,0N7,28,9E26H,Female,46,68
QOQTS,Urban,Public,0N7,28,A4B5Z,Female,39,60
QOQTS,Urban,Public,0N7,28,BWHHF,Male,39,61
QOQTS,Urban,Public,0N7,28,CPQZ5,Female,42,56
QOQTS,Urban,Public,0N7,28,CWNPG,Male,40,60
QOQTS,Urban,Public,0N7,28,EZVOU,Female,43,59
QOQTS,Urban,Public,0N7,28,FTOMN,Female,44,60
QOQTS,Urban,Public,0N7,28,G0DSR,Female,45,60
QOQTS,Urban,Public,0N7,28,GPNQZ,Female,48,60
QOQTS,Urban,Public,0N7,28,GRB8C,Male,43,59
QOQTS,Urban,Public,0N7,28,JVF58,Female,43,59
QOQTS,Urban,Public,0N7,28,L9CIM,Female,43,63
QOQTS,Urban,Public,0N7,28,LZDOV,Male,50,63
QOQTS,Urban,Public,0N7,28,OSXFO,Female,39,61
QOQTS,Urban,Public,0N7,28,OV3PC,Male,47,63
QOQTS,Urban,Public,0N7,28,PUJFV,Female,49,68
QOQTS,Urban,Public,0N7,28,SGVTD,Female,41,59
QOQTS,Urban,Public,0N7,28,VVHRQ,Female,47,57
QOQTS,Urban,Public,0N7,28,W217G,Male,47,61
QOQTS,Urban,Public,0N7,28,WHJQO,Male,44,59
QOQTS,Urban,Public,0N7,28,XIV97,Male,46,59
QOQTS,Urban,Public,0N7,28,YGGJT,Male,45,64
QOQTS,Urban,Public,3XJ,24,1VF7G,Female,52,59
QOQTS,Urban,Public,3XJ,24,5884X,Female,50,61
QOQTS,Urban,Public,3XJ,24,9TCBM,Female,54,60
QOQTS,Urban,Public,3XJ,24,A8L7P,Female,50,61
QOQTS,Urban,Public,3XJ,24,BOMPO,Female,46,60
QOQTS,Urban,Public,3XJ,24,BZG06,Male,51,63
QOQTS,Urban,Public,3XJ,24,CE7P3,Male,49,59
QOQTS,Urban,Public,3XJ,24,FIGCP,Female,51,54
QOQTS,Urban,Public,3XJ,24,G8C0U,Female,46,54
QOQTS,Urban,Public,3XJ,24,J39HG,Female,48,61
QOQTS,Urban,Public,3XJ,24,J46NP,Female,54,64
QOQTS,Urban,Public,3XJ,24,K58CZ,Male,51,59
QOQTS,Urban,Public,3XJ,24,LJWJ5,Female,53,57
QOQTS,Urban,Public,3XJ,24,M4BRQ,Male,51,64
QOQTS,Urban,Public,3XJ,24,N8UTT,Male,51,58
QOQTS,Urban,Public,3XJ,24,OXLY0,Male,50,61
QOQTS,Urban,Public,3XJ,24,PY1GY,Male,49,56
QOQTS,Urban,Public,3XJ,24,RP33I,Female,50,58
QOQTS,Urban,Public,3XJ,24,T61LX,Male,53,61
QOQTS,Urban,Public,3XJ,24,T94QN,Male,49,55
QOQTS,Urban,Public,3XJ,24,W95QH,Female,49,59
QOQTS,Urban,Public,3XJ,24,WUC3P,Female,49,56
QOQTS,Urban,Public,3XJ,24,XILO8,Female,45,58
QOQTS,Urban,Public,3XJ,24,ZUFG3,Female,46,58
QOQTS,Urban,Public,RK7,22,0MXW8,Male,53,58
QOQTS,Urban,Public,RK7,22,0VLI0,Male,49,58
QOQTS,Urban,Public,RK7,22,1MUNN,Male,55,61
QOQTS,Urban,Public,RK7,22,64P1X,Male,53,63
QOQTS,Urban,Public,RK7,22,6S1RB,Male,47,55
QOQTS,Urban,Public,RK7,22,8KXVK,Male,50,61
QOQTS,Urban,Public,RK7,22,9PPQ2,Male,50,61
QOQTS,Urban,Public,RK7,22,9TOAI,Female,50,61
QOQTS,Urban,Public,RK7,22,A8OCT,Male,49,56
QOQTS,Urban,Public,RK7,22,F41NC,Female,52,60
QOQTS,Urban,Public,RK7,22,GC32I,Male,49,60
QOQTS,Urban,Public,RK7,22,JVQOT,Male,46,57
QOQTS,Urban,Public,RK7,22,L5MKI,Female,50,62
QOQTS,Urban,Public,RK7,22,M401J,Female,50,59
QOQTS,Urban,Public,RK7,22,M4RHA,Female,50,63
QOQTS,Urban,Public,RK7,22,N1ZJX,Male,52,61
QOQTS,Urban,Public,RK7,22,NNP1T,Female,49,63
QOQTS,Urban,Public,RK7,22,O3INT,Female,48,66
QOQTS,Urban,Public,RK7,22,P7B9V,Female,47,51
QOQTS,Urban,Public,RK7,22,RAAGQ,Female,54,64
QOQTS,Urban,Public,RK7,22,RDSJZ,Male,52,60
QOQTS,Urban,Public,RK7,22,Y0SC0,Male,49,60
QOQTS,Urban,Public,SUR,28,0ATHH,Male,59,66
QOQTS,Urban,Public,SUR,28,36XVY,Male,49,66
QOQTS,Urban,Public,SUR,28,5F3AB,Female,51,58
QOQTS,Urban,Public,SUR,28,6B3YQ,Female,55,64
QOQTS,Urban,Public,SUR,28,7SAPU,Female,48,62
QOQTS,Urban,Public,SUR,28,7UYMS,Female,51,64
QOQTS,Urban,Public,SUR,28,7VV8V,Male,56,69
QOQTS,Urban,Public,SUR,28,A2OLH,Male,54,65
QOQTS,Urban,Public,SUR,28,D42XF,Male,53,63
QOQTS,Urban,Public,SUR,28,DSS9N,Female,51,62
QOQTS,Urban,Public,SUR,28,EP1OW,Male,55,64
QOQTS,Urban,Public,SUR,28,FCNU9,Female,55,69
QOQTS,Urban,Public,SUR,28,G3900,Male,60,65
QOQTS,Urban,Public,SUR,28,H2O56,Male,51,62
QOQTS,Urban,Public,SUR,28,IEA4E,Female,53,62
QOQTS,Urban,Public,SUR,28,IXNI7,Female,51,62
QOQTS,Urban,Public,SUR,28,KV76E,Male,56,60
QOQTS,Urban,Public,SUR,28,M3C4F,Female,54,62
QOQTS,Urban,Public,SUR,28,MINBK,Male,52,57
QOQTS,Urban,Public,SUR,28,NH2XP,Male,54,64
QOQTS,Urban,Public,SUR,28,NK0RT,Male,54,62
QOQTS,Urban,Public,SUR,28,OFPX7,Female,50,56
QOQTS,Urban,Public,SUR,28,SDWCT,Female,52,59
QOQTS,Urban,Public,SUR,28,U355K,Female,51,61
QOQTS,Urban,Public,SUR,28,WKFXN,Male,54,62
QOQTS,Urban,Public,SUR,28,WPUEY,Female,47,58
QOQTS,Urban,Public,SUR,28,XSWF9,Female,53,61
QOQTS,Urban,Public,SUR,28,YZBI1,Female,52,65
QOQTS,Urban,Public,X2O,25,2Y5KB,Male,63,71
QOQTS,Urban,Public,X2O,25,3G0AI,Male,62,78
QOQTS,Urban,Public,X2O,25,3TPE1,Male,63,76
QOQTS,Urban,Public,X2O,25,59VYG,Male,62,80
QOQTS,Urban,Public,X2O,25,AKDEM,Female,63,76
QOQTS,Urban,Public,X2O,25,AO6BG,Male,60,75
QOQTS,Urban,Public,X2O,25,EJAMZ,Male,59,85
QOQTS,Urban,Public,X2O,25,FZF17,Female,57,78
QOQTS,Urban,Public,X2O,25,G193S,Female,65,78
QOQTS,Urban,Public,X2O,25,H5DOH,Male,57,81
QOQTS,Urban,Public,X2O,25,HD0QR,Male,58,78
QOQTS,Urban,Public,X2O,25,HSJ6V,Female,58,77
QOQTS,Urban,Public,X2O,25,I0YK4,Male,59,76
QOQTS,Urban,Public,X2O,25,ICRP4,Male,63,76
QOQTS,Urban,Public,X2O,25,LJWJ6,Male,67,79
QOQTS,Urban,Public,X2O,25,MHXTU,Male,65,78
QOQTS,Urban,Public,X2O,25,QPJGR,Female,63,79
QOQTS,Urban,Public,X2O,25,QS03G,Female,65,79
QOQTS,Urban,Public,X2O,25,QW5M0,Male,57,73
QOQTS,Urban,Public,X2O,25,SAYN0,Female,62,76
QOQTS,Urban,Public,X2O,25,UC234,Male,63,74
QOQTS,Urban,Public,X2O,25,UM88I,Female,65,76
QOQTS,Urban,Public,X2O,25,W4M1T,Male,61,79
QOQTS,Urban,Public,X2O,25,X32YR,Female,66,81
QOQTS,Urban,Public,X2O,25,YS6D7,Male,62,81
QOQTS,Urban,Public,XZ4,22,0HAGQ,Female,59,73
QOQTS,Urban,Public,XZ4,22,1DSAG,Female,57,68
QOQTS,Urban,Public,XZ4,22,2RXVE,Male,61,63
QOQTS,Urban,Public,XZ4,22,3Z0V4,Male,54,66
QOQTS,Urban,Public,XZ4,22,4QH1V,Male,54,65
QOQTS,Urban,Public,XZ4,22,5BK70,Female,59,70
QOQTS,Urban,Public,XZ4,22,9Q9RK,Female,57,66
QOQTS,Urban,Public,XZ4,22,AAUAP,Female,57,64
QOQTS,Urban,Public,XZ4,22,F3G51,Female,56,69
QOQTS,Urban,Public,XZ4,22,F5RU2,Male,53,67
QOQTS,Urban,Public,XZ4,22,FSTS2,Female,59,69
QOQTS,Urban,Public,XZ4,22,HGCQA,Male,60,74
QOQTS,Urban,Public,XZ4,22,IDSWX,Female,61,71
QOQTS,Urban,Public,XZ4,22,JZA64,Female,58,70
QOQTS,Urban,Public,XZ4,22,N3IUQ,Female,56,69
QOQTS,Urban,Public,XZ4,22,NRHKL,Male,56,66
QOQTS,Urban,Public,XZ4,22,NYDID,Female,63,73
QOQTS,Urban,Public,XZ4,22,QFCSU,Male,58,70
QOQTS,Urban,Public,XZ4,22,QLVBH,Female,56,68
QOQTS,Urban,Public,XZ4,22,S8BUS,Male,59,68
QOQTS,Urban,Public,XZ4,22,TQ7FO,Male,63,68
QOQTS,Urban,Public,XZ4,22,WUBEL,Female,59,71
UAGPU,Suburban,Public,1SZ,22,15087,Male,61,70
UAGPU,Suburban,Public,1SZ,22,68TLS,Male,56,64
UAGPU,Suburban,Public,1SZ,22,8LQQZ,Female,64,68
UAGPU,Suburban,Public,1SZ,22,96R50,Male,60,67
UAGPU,Suburban,Public,1SZ,22,9V75V,Male,56,73
UAGPU,Suburban,Public,1SZ,22,AUZ9N,Male,53,67
UAGPU,Suburban,Public,1SZ,22,B19E2,Male,63,69
UAGPU,Suburban,Public,1SZ,22,B2NRX,Male,55,69
UAGPU,Suburban,Public,1SZ,22,CFH25,Male,55,64
UAGPU,Suburban,Public,1SZ,22,DI6CN,Female,60,71
UAGPU,Suburban,Public,1SZ,22,EEW82,Female,59,65
UAGPU,Suburban,Public,1SZ,22,F9L7V,Female,58,68
UAGPU,Suburban,Public,1SZ,22,GDU43,Female,55,65
UAGPU,Suburban,Public,1SZ,22,JZQIP,Female,62,67
UAGPU,Suburban,Public,1SZ,22,LHLZ0,Male,50,65
UAGPU,Suburban,Public,1SZ,22,O5U7H,Male,59,69
UAGPU,Suburban,Public,1SZ,22,T3MLI,Female,56,66
UAGPU,Suburban,Public,1SZ,22,T51PH,Female,63,75
UAGPU,Suburban,Public,1SZ,22,TM3WU,Male,59,70
UAGPU,Suburban,Public,1SZ,22,VOASI,Female,64,70
UAGPU,Suburban,Public,1SZ,22,YQ2AF,Female,64,69
UAGPU,Suburban,Public,1SZ,22,YV3L0,Male,60,70
UAGPU,Suburban,Public,62L,23,0VF9P,Female,67,81
UAGPU,Suburban,Public,62L,23,10GPN,Male,62,68
UAGPU,Suburban,Public,62L,23,2N2TX,Female,68,78
UAGPU,Suburban,Public,62L,23,5JSKA,Female,58,70
UAGPU,Suburban,Public,62L,23,5ZOS4,Male,61,73
UAGPU,Suburban,Public,62L,23,94EK4,Female,65,76
UAGPU,Suburban,Public,62L,23,B8GPJ,Female,58,74
UAGPU,Suburban,Public,62L,23,BAEWN,Male,61,79
UAGPU,Suburban,Public,62L,23,G4UTB,Male,67,73
UAGPU,Suburban,Public,62L,23,GDMQS,Female,66,76
UAGPU,Suburban,Public,62L,23,KTSB7,Female,66,72
UAGPU,Suburban,Public,62L,23,KXPEE,Female,70,83
UAGPU,Suburban,Public,62L,23,N42JI,Male,62,74
UAGPU,Suburban,Public,62L,23,P5X30,Male,62,72
UAGPU,Suburban,Public,62L,23,RTV9D,Male,65,77
UAGPU,Suburban,Public,62L,23,S8HYS,Female,66,75
UAGPU,Suburban,Public,62L,23,SE4E4,Female,64,73
UAGPU,Suburban,Public,62L,23,TQBTQ,Female,65,72
UAGPU,Suburban,Public,62L,23,VEXWA,Female,69,79
UAGPU,Suburban,Public,62L,23,W6LZR,Female,62,68
UAGPU,Suburban,Public,62L,23,Y4ZOH,Male,68,74
UAGPU,Suburban,Public,62L,23,YIFYG,Female,63,71
UAGPU,Suburban,Public,62L,23,ZEUU8,Female,70,75
UAGPU,Suburban,Public,NWZ,21,17EXU,Female,54,68
UAGPU,Suburban,Public,NWZ,21,23BMT,Female,62,69
UAGPU,Suburban,Public,NWZ,21,2GDJ8,Male,58,67
UAGPU,Suburban,Public,NWZ,21,36YGH,Male,60,68
UAGPU,Suburban,Public,NWZ,21,7NE6P,Female,63,72
UAGPU,Suburban,Public,NWZ,21,93BY7,Male,56,69
UAGPU,Suburban,Public,NWZ,21,ATEDY,Male,57,66
UAGPU,Suburban,Public,NWZ,21,EHWEI,Male,58,68
UAGPU,Suburban,Public,NWZ,21,F6MAL,Male,56,69
UAGPU,Suburban,Public,NWZ,21,GVD2M,Male,56,67
UAGPU,Suburban,Public,NWZ,21,JM80A,Male,60,69
UAGPU,Suburban,Public,NWZ,21,LQAVG,Male,65,72
UAGPU,Suburban,Public,NWZ,21,N1C5K,Male,62,67
UAGPU,Suburban,Public,NWZ,21,OJM71,Female,63,71
UAGPU,Suburban,Public,NWZ,21,S0UET,Female,57,68
UAGPU,Suburban,Public,NWZ,21,TD1N0,Female,52,66
UAGPU,Suburban,Public,NWZ,21,V9D0M,Female,58,69
UAGPU,Suburban,Public,NWZ,21,WNW5P,Female,57,67
UAGPU,Suburban,Public,NWZ,21,XGFGI,Male,58,67
UAGPU,Suburban,Public,NWZ,21,Y2S14,Male,60,66
UAGPU,Suburban,Public,NWZ,21,YBGHP,Female,51,62
UAGPU,Suburban,Public,S98,21,2SCI6,Female,73,79
UAGPU,Suburban,Public,S98,21,58GQ3,Male,67,77
UAGPU,Suburban,Public,S98,21,5HZS0,Female,68,79
UAGPU,Suburban,Public,S98,21,6O11H,Male,70,78
UAGPU,Suburban,Public,S98,21,7BH6I,Male,68,77
UAGPU,Suburban,Public,S98,21,B4BQ2,Female,66,71
UAGPU,Suburban,Public,S98,21,BEDRH,Male,65,81
UAGPU,Suburban,Public,S98,21,BZH4Z,Female,70,77
UAGPU,Suburban,Public,S98,21,C6U78,Female,67,79
UAGPU,Suburban,Public,S98,21,CG4PV,Female,64,71
UAGPU,Suburban,Public,S98,21,DBWGP,Male,64,77
UAGPU,Suburban,Public,S98,21,GGHJ9,Female,67,75
UAGPU,Suburban,Public,S98,21,I9AT5,Male,65,73
UAGPU,Suburban,Public,S98,21,LOKKS,Male,67,75
UAGPU,Suburban,Public,S98,21,NA0CP,Female,68,76
UAGPU,Suburban,Public,S98,21,PXW4K,Female,72,73
UAGPU,Suburban,Public,S98,21,Q94QX,Male,69,79
UAGPU,Suburban,Public,S98,21,RK9Y8,Male,71,79
UAGPU,Suburban,Public,S98,21,RUJQB,Female,71,81
UAGPU,Suburban,Public,S98,21,X7NOM,Male,68,77
UAGPU,Suburban,Public,S98,21,ZU75P,Male,68,78
UKPGS,Suburban,Public,08N,21,1LGMI,Female,84,95
UKPGS,Suburban,Public,08N,21,3K3MA,Female,83,93
UKPGS,Suburban,Public,08N,21,5AT7Y,Male,84,91
UKPGS,Suburban,Public,08N,21,5OKGY,Female,87,94
UKPGS,Suburban,Public,08N,21,6GUH0,Female,80,94
UKPGS,Suburban,Public,08N,21,BVV7P,Male,76,93
UKPGS,Suburban,Public,08N,21,CQRYE,Female,91,98
UKPGS,Suburban,Public,08N,21,CSZV6,Male,82,94
UKPGS,Suburban,Public,08N,21,MVXQR,Male,83,91
UKPGS,Suburban,Public,08N,21,N1923,Female,82,94
UKPGS,Suburban,Public,08N,21,NNADP,Male,85,94
UKPGS,Suburban,Public,08N,21,OEVDO,Male,82,95
UKPGS,Suburban,Public,08N,21,PC2MH,Female,84,94
UKPGS,Suburban,Public,08N,21,RGXS6,Female,84,99
UKPGS,Suburban,Public,08N,21,UX5JT,Male,86,96
UKPGS,Suburban,Public,08N,21,V7CKV,Male,81,91
UKPGS,Suburban,Public,08N,21,XZH2Z,Female,87,91
UKPGS,Suburban,Public,08N,21,YGFAP,Female,83,98
UKPGS,Suburban,Public,08N,21,YPTLT,Male,89,94
UKPGS,Suburban,Public,08N,21,YXBYX,Male,79,89
UKPGS,Suburban,Public,08N,21,ZAH4F,Female,87,93
UKPGS,Suburban,Public,9AW,25,32A5K,Male,81,94
UKPGS,Suburban,Public,9AW,25,3S4PV,Female,87,97
UKPGS,Suburban,Public,9AW,25,48A1T,Female,82,93
UKPGS,Suburban,Public,9AW,25,8N6QZ,Female,84,93
UKPGS,Suburban,Public,9AW,25,B4VE7,Male,82,93
UKPGS,Suburban,Public,9AW,25,COAU1,Female,81,93
UKPGS,Suburban,Public,9AW,25,CPSG8,Male,86,94
UKPGS,Suburban,Public,9AW,25,DQYGC,Female,83,90
UKPGS,Suburban,Public,9AW,25,EUE94,Female,85,88
UKPGS,Suburban,Public,9AW,25,H2NHU,Female,85,97
UKPGS,Suburban,Public,9AW,25,H9GCW,Female,86,93
UKPGS,Suburban,Public,9AW,25,I4IR4,Male,83,94
UKPGS,Suburban,Public,9AW,25,INLHM,Female,86,95
UKPGS,Suburban,Public,9AW,25,JSXAG,Female,81,94
UKPGS,Suburban,Public,9AW,25,KFYSH,Female,80,92
UKPGS,Suburban,Public,9AW,25,LAFO1,Male,84,92
UKPGS,Suburban,Public,9AW,25,M1AZ2,Male,83,93
UKPGS,Suburban,Public,9AW,25,MDLIT,Male,82,91
UKPGS,Suburban,Public,9AW,25,NMN96,Female,87,92
UKPGS,Suburban,Public,9AW,25,S5EY9,Female,86,93
UKPGS,Suburban,Public,9AW,25,TWZWL,Female,81,92
UKPGS,Suburban,Public,9AW,25,VYVEK,Female,84,94
UKPGS,Suburban,Public,9AW,25,WJITF,Male,86,96
UKPGS,Suburban,Public,9AW,25,XOO4J,Male,82,95
UKPGS,Suburban,Public,9AW,25,ZG15E,Male,85,91
UKPGS,Suburban,Public,IPU,19,0QF6V,Female,77,89
UKPGS,Suburban,Public,IPU,19,6ZVZS,Female,76,96
UKPGS,Suburban,Public,IPU,19,7M97F,Male,77,90
UKPGS,Suburban,Public,IPU,19,9C145,Male,74,95
UKPGS,Suburban,Public,IPU,19,D6CTU,Female,75,93
UKPGS,Suburban,Public,IPU,19,FDVGN,Male,81,89
UKPGS,Suburban,Public,IPU,19,H08BV,Male,75,92
UKPGS,Suburban,Public,IPU,19,JYMFD,Male,76,93
UKPGS,Suburban,Public,IPU,19,MCBCN,Female,73,93
UKPGS,Suburban,Public,IPU,19,ME537,Female,79,91
UKPGS,Suburban,Public,IPU,19,MTJV5,Male,79,92
UKPGS,Suburban,Public,IPU,19,O9EES,Female,68,88
UKPGS,Suburban,Public,IPU,19,OA8E3,Female,76,93
UKPGS,Suburban,Public,IPU,19,PNXUP,Male,79,93
UKPGS,Suburban,Public,IPU,19,SNQT3,Male,75,88
UKPGS,Suburban,Public,IPU,19,SY0BY,Female,72,91
UKPGS,Suburban,Public,IPU,19,U38NB,Male,76,90
UKPGS,Suburban,Public,IPU,19,UA1VB,Male,79,93
UKPGS,Suburban,Public,IPU,19,VDJB4,Female,75,90
UKPGS,Suburban,Public,KXB,18,4KXHJ,Male,74,86
UKPGS,Suburban,Public,KXB,18,4USMS,Male,76,95
UKPGS,Suburban,Public,KXB,18,71V1M,Male,72,88
UKPGS,Suburban,Public,KXB,18,8023G,Male,78,96
UKPGS,Suburban,Public,KXB,18,9SSU5,Male,74,95
UKPGS,Suburban,Public,KXB,18,DT2DK,Male,75,90
UKPGS,Suburban,Public,KXB,18,DW27M,Female,76,92
UKPGS,Suburban,Public,KXB,18,F9AF4,Female,75,90
UKPGS,Suburban,Public,KXB,18,JLT9W,Male,71,85
UKPGS,Suburban,Public,KXB,18,KA6AR,Female,78,89
UKPGS,Suburban,Public,KXB,18,ML40U,Female,75,90
UKPGS,Suburban,Public,KXB,18,N6O4Q,Male,75,85
UKPGS,Suburban,Public,KXB,18,NDG8X,Female,76,90
UKPGS,Suburban,Public,KXB,18,PV4KT,Male,81,85
UKPGS,Suburban,Public,KXB,18,RJ6DM,Male,74,91
UKPGS,Suburban,Public,KXB,18,W6QBL,Female,67,88
UKPGS,Suburban,Public,KXB,18,WEKZ0,Male,73,91
UKPGS,Suburban,Public,KXB,18,WKT2V,Female,75,93
UKPGS,Suburban,Public,PGH,23,33Q7N,Female,75,91
UKPGS,Suburban,Public,PGH,23,3UFPK,Female,70,84
UKPGS,Suburban,Public,PGH,23,6IDYQ,Female,74,90
UKPGS,Suburban,Public,PGH,23,6SPGY,Female,73,91
UKPGS,Suburban,Public,PGH,23,82ZHK,Female,71,92
UKPGS,Suburban,Public,PGH,23,9SO36,Male,70,86
UKPGS,Suburban,Public,PGH,23,BLJ07,Male,76,95
UKPGS,Suburban,Public,PGH,23,CHAJB,Female,74,90
UKPGS,Suburban,Public,PGH,23,DXJFP,Male,71,85
UKPGS,Suburban,Public,PGH,23,EAKC5,Male,73,92
UKPGS,Suburban,Public,PGH,23,F51X9,Female,71,90
UKPGS,Suburban,Public,PGH,23,IGUFT,Female,74,93
UKPGS,Suburban,Public,PGH,23,JG0OS,Male,71,89
UKPGS,Suburban,Public,PGH,23,JHB0I,Female,74,88
UKPGS,Suburban,Public,PGH,23,LB4AC,Male,73,92
UKPGS,Suburban,Public,PGH,23,O77YR,Male,72,82
UKPGS,Suburban,Public,PGH,23,OA330,Male,70,90
UKPGS,Suburban,Public,PGH,23,QZX9P,Female,69,90
UKPGS,Suburban,Public,PGH,23,TBYDV,Female,72,90
UKPGS,Suburban,Public,PGH,23,TFEUO,Female,75,91
UKPGS,Suburban,Public,PGH,23,W2GFZ,Female,72,86
UKPGS,Suburban,Public,PGH,23,WQCRG,Male,71,91
UKPGS,Suburban,Public,PGH,23,X3GT7,Male,72,96
UKPGS,Suburban,Public,XXE,22,3BGGH,Female,81,90
UKPGS,Suburban,Public,XXE,22,3YWAD,Female,83,88
UKPGS,Suburban,Public,XXE,22,65F54,Male,78,82
UKPGS,Suburban,Public,XXE,22,6DY5A,Male,82,87
UKPGS,Suburban,Public,XXE,22,A85PD,Female,77,88
UKPGS,Suburban,Public,XXE,22,B5CG1,Male,80,92
UKPGS,Suburban,Public,XXE,22,G5CGC,Female,75,86
UKPGS,Suburban,Public,XXE,22,HQ67D,Female,84,93
UKPGS,Suburban,Public,XXE,22,I0A4E,Female,80,95
UKPGS,Suburban,Public,XXE,22,I3X3Z,Male,78,89
UKPGS,Suburban,Public,XXE,22,JWURS,Female,77,90
UKPGS,Suburban,Public,XXE,22,NFI2E,Female,77,82
UKPGS,Suburban,Public,XXE,22,O4GRR,Male,79,87
UKPGS,Suburban,Public,XXE,22,PSZFU,Female,81,93
UKPGS,Suburban,Public,XXE,22,QDBCB,Male,82,89
UKPGS,Suburban,Public,XXE,22,SVZZ0,Female,77,88
UKPGS,Suburban,Public,XXE,22,U25RO,Male,79,89
UKPGS,Suburban,Public,XXE,22,UGYBD,Male,80,87
UKPGS,Suburban,Public,XXE,22,UNN56,Male,78,92
UKPGS,Suburban,Public,XXE,22,XQA13,Male,77,84
UKPGS,Suburban,Public,XXE,22,YDXV0,Female,78,89
UKPGS,Suburban,Public,XXE,22,YSH7U,Female,78,87
UUUQX,Suburban,Non-public,6C1,16,0KUVX,Female,62,75
UUUQX,Suburban,Non-public,6C1,16,1BEFZ,Female,55,69
UUUQX,Suburban,Non-public,6C1,16,5C3GO,Female,62,70
UUUQX,Suburban,Non-public,6C1,16,7OLG6,Female,56,67
UUUQX,Suburban,Non-public,6C1,16,86HWL,Male,59,70
UUUQX,Suburban,Non-public,6C1,16,95R1X,Male,60,72
UUUQX,Suburban,Non-public,6C1,16,CWZPO,Male,65,75
UUUQX,Suburban,Non-public,6C1,16,MN04N,Male,67,76
UUUQX,Suburban,Non-public,6C1,16,MYVA0,Female,59,72
UUUQX,Suburban,Non-public,6C1,16,OCUFY,Female,57,62
UUUQX,Suburban,Non-public,6C1,16,QDWO8,Female,60,72
UUUQX,Suburban,Non-public,6C1,16,W2UP9,Male,61,78
UUUQX,Suburban,Non-public,6C1,16,X6H3Z,Male,55,71
UUUQX,Suburban,Non-public,6C1,16,XH5US,Male,62,74
UUUQX,Suburban,Non-public,6C1,16,Y3HMW,Female,62,73
UUUQX,Suburban,Non-public,6C1,16,Z2JKR,Male,62,71
UUUQX,Suburban,Non-public,AE1,17,236KA,Male,68,82
UUUQX,Suburban,Non-public,AE1,17,25NAF,Male,64,82
UUUQX,Suburban,Non-public,AE1,17,4ER6K,Male,65,82
UUUQX,Suburban,Non-public,AE1,17,5BAJD,Male,69,81
UUUQX,Suburban,Non-public,AE1,17,5CQKT,Female,72,88
UUUQX,Suburban,Non-public,AE1,17,5T3FK,Male,63,81
UUUQX,Suburban,Non-public,AE1,17,8SREJ,Female,70,84
UUUQX,Suburban,Non-public,AE1,17,IG2ZG,Male,67,87
UUUQX,Suburban,Non-public,AE1,17,P73C4,Male,68,83
UUUQX,Suburban,Non-public,AE1,17,PN7DI,Female,78,87
UUUQX,Suburban,Non-public,AE1,17,PWTOX,Female,75,87
UUUQX,Suburban,Non-public,AE1,17,RF5NL,Female,72,81
UUUQX,Suburban,Non-public,AE1,17,S3D1U,Male,68,86
UUUQX,Suburban,Non-public,AE1,17,T0NB9,Male,67,79
UUUQX,Suburban,Non-public,AE1,17,U19G8,Male,69,89
UUUQX,Suburban,Non-public,AE1,17,UWEZN,Female,67,85
UUUQX,Suburban,Non-public,AE1,17,WIX9F,Female,70,85
UUUQX,Suburban,Non-public,H7S,16,0U7J2,Male,72,90
UUUQX,Suburban,Non-public,H7S,16,13G8V,Female,72,87
UUUQX,Suburban,Non-public,H7S,16,1FKL9,Female,69,87
UUUQX,Suburban,Non-public,H7S,16,34TV1,Male,73,89
UUUQX,Suburban,Non-public,H7S,16,4DXL9,Female,72,85
UUUQX,Suburban,Non-public,H7S,16,4EVEG,Male,70,91
UUUQX,Suburban,Non-public,H7S,16,8MR97,Male,77,85
UUUQX,Suburban,Non-public,H7S,16,9J2Z8,Female,71,81
UUUQX,Suburban,Non-public,H7S,16,BIFAM,Female,71,90
UUUQX,Suburban,Non-public,H7S,16,HY397,Male,72,89
UUUQX,Suburban,Non-public,H7S,16,P9VM7,Male,71,88
UUUQX,Suburban,Non-public,H7S,16,PBMNM,Female,75,86
UUUQX,Suburban,Non-public,H7S,16,R4LBA,Female,71,83
UUUQX,Suburban,Non-public,H7S,16,RMUPP,Female,72,84
UUUQX,Suburban,Non-public,H7S,16,TAFK3,Female,72,85
UUUQX,Suburban,Non-public,H7S,16,XWXL4,Female,67,85
UUUQX,Suburban,Non-public,P8I,20,038FI,Male,67,80
UUUQX,Suburban,Non-public,P8I,20,05KAX,Female,72,79
UUUQX,Suburban,Non-public,P8I,20,20UT3,Female,71,76
UUUQX,Suburban,Non-public,P8I,20,4QD4Z,Female,72,78
UUUQX,Suburban,Non-public,P8I,20,5QKZ9,Male,66,75
UUUQX,Suburban,Non-public,P8I,20,7L0U6,Male,68,79
UUUQX,Suburban,Non-public,P8I,20,8RSUD,Female,65,78
UUUQX,Suburban,Non-public,P8I,20,AYAZF,Male,70,79
UUUQX,Suburban,Non-public,P8I,20,C3584,Female,71,82
UUUQX,Suburban,Non-public,P8I,20,DPUY4,Male,64,77
UUUQX,Suburban,Non-public,P8I,20,HYYYA,Male,70,78
UUUQX,Suburban,Non-public,P8I,20,PRZUQ,Male,71,80
UUUQX,Suburban,Non-public,P8I,20,QM24G,Male,70,79
UUUQX,Suburban,Non-public,P8I,20,S98ME,Female,68,73
UUUQX,Suburban,Non-public,P8I,20,SEBPC,Female,69,71
UUUQX,Suburban,Non-public,P8I,20,SMJ14,Male,72,79
UUUQX,Suburban,Non-public,P8I,20,T570M,Female,68,74
UUUQX,Suburban,Non-public,P8I,20,WB8AL,Male,66,77
UUUQX,Suburban,Non-public,P8I,20,Y6B5R,Female,69,75
UUUQX,Suburban,Non-public,P8I,20,Z2G9R,Female,61,73
UUUQX,Suburban,Non-public,SSP,15,07N4F,Male,68,72
UUUQX,Suburban,Non-public,SSP,15,0AIOR,Male,70,79
UUUQX,Suburban,Non-public,SSP,15,37W3X,Male,67,76
UUUQX,Suburban,Non-public,SSP,15,3E36E,Female,66,83
UUUQX,Suburban,Non-public,SSP,15,3SWL5,Female,66,80
UUUQX,Suburban,Non-public,SSP,15,8ECN8,Male,70,75
UUUQX,Suburban,Non-public,SSP,15,ER2T8,Female,64,80
UUUQX,Suburban,Non-public,SSP,15,GTHLL,Male,65,78
UUUQX,Suburban,Non-public,SSP,15,IT97C,Male,67,78
UUUQX,Suburban,Non-public,SSP,15,IZDY7,Male,63,76
UUUQX,Suburban,Non-public,SSP,15,JPYUB,Female,73,78
UUUQX,Suburban,Non-public,SSP,15,NTU46,Female,67,73
UUUQX,Suburban,Non-public,SSP,15,Q7ZIU,Female,69,75
UUUQX,Suburban,Non-public,SSP,15,YTS8T,Male,64,79
UUUQX,Suburban,Non-public,SSP,15,Z4549,Male,62,73
VHDHF,Rural,Non-public,CD8,20,18VK7,Female,59,72
VHDHF,Rural,Non-public,CD8,20,8.00E+10,Female,52,68
VHDHF,Rural,Non-public,CD8,20,8HJY3,Female,55,68
VHDHF,Rural,Non-public,CD8,20,AN3SG,Male,53,69
VHDHF,Rural,Non-public,CD8,20,BB5YM,Female,51,65
VHDHF,Rural,Non-public,CD8,20,BEC7H,Female,52,73
VHDHF,Rural,Non-public,CD8,20,GCN2Y,Male,59,71
VHDHF,Rural,Non-public,CD8,20,GF5N4,Female,55,75
VHDHF,Rural,Non-public,CD8,20,GZYH3,Female,59,76
VHDHF,Rural,Non-public,CD8,20,HA8N7,Female,54,72
VHDHF,Rural,Non-public,CD8,20,I2MTP,Female,60,73
VHDHF,Rural,Non-public,CD8,20,IKVTW,Female,56,73
VHDHF,Rural,Non-public,CD8,20,NOHNV,Male,49,70
VHDHF,Rural,Non-public,CD8,20,O8UE1,Male,54,67
VHDHF,Rural,Non-public,CD8,20,PA8XJ,Female,53,72
VHDHF,Rural,Non-public,CD8,20,QKSBS,Male,57,73
VHDHF,Rural,Non-public,CD8,20,RY6W4,Male,56,74
VHDHF,Rural,Non-public,CD8,20,THJJ1,Male,54,72
VHDHF,Rural,Non-public,CD8,20,TQFGY,Female,57,73
VHDHF,Rural,Non-public,CD8,20,TRBDH,Female,55,72
VHDHF,Rural,Non-public,J6X,16,16EN7,Female,47,60
VHDHF,Rural,Non-public,J6X,16,42NEO,Male,51,58
VHDHF,Rural,Non-public,J6X,16,583ZR,Female,53,56
VHDHF,Rural,Non-public,J6X,16,8QPPC,Female,46,56
VHDHF,Rural,Non-public,J6X,16,9UO4I,Female,55,65
VHDHF,Rural,Non-public,J6X,16,A8F0T,Male,47,58
VHDHF,Rural,Non-public,J6X,16,DSKAZ,Male,53,60
VHDHF,Rural,Non-public,J6X,16,H7BTQ,Male,50,60
VHDHF,Rural,Non-public,J6X,16,I0TKZ,Male,44,52
VHDHF,Rural,Non-public,J6X,16,I8P7Y,Male,46,58
VHDHF,Rural,Non-public,J6X,16,J8DNL,Male,49,62
VHDHF,Rural,Non-public,J6X,16,JDBQH,Male,45,54
VHDHF,Rural,Non-public,J6X,16,LNO77,Male,47,56
VHDHF,Rural,Non-public,J6X,16,PKXMF,Male,53,58
VHDHF,Rural,Non-public,J6X,16,W4UNG,Female,45,57
VHDHF,Rural,Non-public,J6X,16,W77MX,Male,51,63
VHDHF,Rural,Non-public,KR1,15,147UW,Male,59,70
VHDHF,Rural,Non-public,KR1,15,6CQH6,Female,56,70
VHDHF,Rural,Non-public,KR1,15,97YOT,Female,58,77
VHDHF,Rural,Non-public,KR1,15,99UUZ,Female,54,74
VHDHF,Rural,Non-public,KR1,15,CZYTB,Male,51,67
VHDHF,Rural,Non-public,KR1,15,DLUWQ,Male,53,66
VHDHF,Rural,Non-public,KR1,15,K0GYZ,Male,50,69
VHDHF,Rural,Non-public,KR1,15,M0EE2,Male,54,70
VHDHF,Rural,Non-public,KR1,15,MNVG5,Female,55,73
VHDHF,Rural,Non-public,KR1,15,MYZZ8,Male,55,72
VHDHF,Rural,Non-public,KR1,15,O2CP6,Male,51,69
VHDHF,Rural,Non-public,KR1,15,OA4KH,Male,56,71
VHDHF,Rural,Non-public,KR1,15,UQEHO,Female,53,68
VHDHF,Rural,Non-public,KR1,15,UV4VL,Male,53,68
VHDHF,Rural,Non-public,KR1,15,X36VE,Female,46,64
VKWQH,Rural,Public,341,18,251LB,Female,43,50
VKWQH,Rural,Public,341,18,4Q94R,Female,44,56
VKWQH,Rural,Public,341,18,4RLVS,Male,43,55
VKWQH,Rural,Public,341,18,CWETG,Male,38,51
VKWQH,Rural,Public,341,18,DJK1N,Female,47,51
VKWQH,Rural,Public,341,18,DWGQI,Female,45,56
VKWQH,Rural,Public,341,18,GUQVH,Male,45,53
VKWQH,Rural,Public,341,18,GXAG3,Female,50,54
VKWQH,Rural,Public,341,18,HQTXY,Male,39,51
VKWQH,Rural,Public,341,18,JK8YI,Female,44,55
VKWQH,Rural,Public,341,18,KJDK7,Female,36,48
VKWQH,Rural,Public,341,18,MJ0LU,Female,43,58
VKWQH,Rural,Public,341,18,MZBQW,Female,48,63
VKWQH,Rural,Public,341,18,S6ZUI,Male,43,56
VKWQH,Rural,Public,341,18,SI1WU,Female,46,58
VKWQH,Rural,Public,341,18,UGL3V,Male,42,55
VKWQH,Rural,Public,341,18,V0B10,Female,40,51
VKWQH,Rural,Public,341,18,ZY9X3,Female,47,58
VKWQH,Rural,Public,D33,21,094FR,Female,60,69
VKWQH,Rural,Public,D33,21,3BJMM,Female,63,73
VKWQH,Rural,Public,D33,21,71EC6,Male,58,74
VKWQH,Rural,Public,D33,21,74CHH,Female,65,78
VKWQH,Rural,Public,D33,21,7XG5T,Male,63,76
VKWQH,Rural,Public,D33,21,BJ4Z5,Male,64,73
VKWQH,Rural,Public,D33,21,CPQ7T,Male,65,79
VKWQH,Rural,Public,D33,21,FTDEU,Male,63,71
VKWQH,Rural,Public,D33,21,FTUTG,Male,60,73
VKWQH,Rural,Public,D33,21,H2AGT,Male,59,73
VKWQH,Rural,Public,D33,21,H4ECV,Male,65,77
VKWQH,Rural,Public,D33,21,HA68O,Female,67,77
VKWQH,Rural,Public,D33,21,OD271,Male,66,78
VKWQH,Rural,Public,D33,21,Q6SBB,Female,59,71
VKWQH,Rural,Public,D33,21,QCQET,Female,65,75
VKWQH,Rural,Public,D33,21,TQDZV,Male,67,74
VKWQH,Rural,Public,D33,21,UQYQ1,Female,65,76
VKWQH,Rural,Public,D33,21,VSCUG,Female,63,76
VKWQH,Rural,Public,D33,21,XL3MD,Male,69,77
VKWQH,Rural,Public,D33,21,YJLKC,Female,65,79
VKWQH,Rural,Public,D33,21,ZGB9Z,Male,63,75
VKWQH,Rural,Public,DFQ,19,0U8FN,Male,68,79
VKWQH,Rural,Public,DFQ,19,0VTPD,Female,61,72
VKWQH,Rural,Public,DFQ,19,18OHA,Female,61,74
VKWQH,Rural,Public,DFQ,19,31OXZ,Female,60,79
VKWQH,Rural,Public,DFQ,19,35KZZ,Female,62,75
VKWQH,Rural,Public,DFQ,19,7K0K0,Male,63,80
VKWQH,Rural,Public,DFQ,19,8LFBJ,Female,60,74
VKWQH,Rural,Public,DFQ,19,D1I4F,Male,63,78
VKWQH,Rural,Public,DFQ,19,D2SZO,Female,67,82
VKWQH,Rural,Public,DFQ,19,DMCWG,Male,55,73
VKWQH,Rural,Public,DFQ,19,E40SE,Female,58,76
VKWQH,Rural,Public,DFQ,19,ICZUM,Female,61,80
VKWQH,Rural,Public,DFQ,19,KM4CH,Male,53,79
VKWQH,Rural,Public,DFQ,19,L9I8P,Male,58,75
VKWQH,Rural,Public,DFQ,19,NC4UO,Male,66,80
VKWQH,Rural,Public,DFQ,19,NTWOX,Male,61,73
VKWQH,Rural,Public,DFQ,19,SHWYN,Male,62,77
VKWQH,Rural,Public,DFQ,19,TRU03,Female,64,77
VKWQH,Rural,Public,DFQ,19,ZKC14,Male,56,73
VKWQH,Rural,Public,GYM,20,1E2N1,Male,55,62
VKWQH,Rural,Public,GYM,20,39RRR,Male,48,61
VKWQH,Rural,Public,GYM,20,9FZ9I,Male,48,62
VKWQH,Rural,Public,GYM,20,9ZYVG,Female,48,64
VKWQH,Rural,Public,GYM,20,BC9MW,Male,48,51
VKWQH,Rural,Public,GYM,20,CE3B7,Male,49,56
VKWQH,Rural,Public,GYM,20,EEDA4,Male,49,58
VKWQH,Rural,Public,GYM,20,EMI9G,Male,53,61
VKWQH,Rural,Public,GYM,20,MRUD1,Male,50,60
VKWQH,Rural,Public,GYM,20,OOUK4,Female,48,60
VKWQH,Rural,Public,GYM,20,P7PFY,Female,49,60
VKWQH,Rural,Public,GYM,20,PW0KX,Female,47,57
VKWQH,Rural,Public,GYM,20,SMXWL,Female,46,59
VKWQH,Rural,Public,GYM,20,SP09I,Female,43,56
VKWQH,Rural,Public,GYM,20,T9YB9,Female,54,62
VKWQH,Rural,Public,GYM,20,U8IBL,Female,50,64
VKWQH,Rural,Public,GYM,20,UP1PU,Female,52,58
VKWQH,Rural,Public,GYM,20,XALAZ,Male,50,59
VKWQH,Rural,Public,GYM,20,Y8E09,Male,51,64
VKWQH,Rural,Public,GYM,20,YWJV1,Male,50,55
VKWQH,Rural,Public,IEM,22,04GS3,Male,40,55
VKWQH,Rural,Public,IEM,22,04TG9,Male,43,55
VKWQH,Rural,Public,IEM,22,3NOO6,Female,42,58
VKWQH,Rural,Public,IEM,22,3X09W,Female,43,58
VKWQH,Rural,Public,IEM,22,43TA7,Male,42,60
VKWQH,Rural,Public,IEM,22,7Y0SC,Male,43,61
VKWQH,Rural,Public,IEM,22,895T7,Male,45,60
VKWQH,Rural,Public,IEM,22,BT2IT,Female,43,59
VKWQH,Rural,Public,IEM,22,C32WQ,Male,43,56
VKWQH,Rural,Public,IEM,22,HVQDV,Male,41,56
VKWQH,Rural,Public,IEM,22,JP1PK,Female,43,59
VKWQH,Rural,Public,IEM,22,K93GE,Male,44,57
VKWQH,Rural,Public,IEM,22,KFQEB,Male,43,63
VKWQH,Rural,Public,IEM,22,KPTGF,Male,44,59
VKWQH,Rural,Public,IEM,22,L5CN8,Female,41,57
VKWQH,Rural,Public,IEM,22,NNWQ5,Male,51,61
VKWQH,Rural,Public,IEM,22,QZWJY,Female,39,58
VKWQH,Rural,Public,IEM,22,RGPSQ,Female,44,60
VKWQH,Rural,Public,IEM,22,XCWK3,Male,38,52
VKWQH,Rural,Public,IEM,22,YEYXG,Female,42,61
VKWQH,Rural,Public,IEM,22,YGX7N,Female,42,62
VKWQH,Rural,Public,IEM,22,YZJEF,Female,46,57
VVTVA,Urban,Public,7BL,29,15IAX,Female,39,49
VVTVA,Urban,Public,7BL,29,174XC,Female,48,54
VVTVA,Urban,Public,7BL,29,40ENN,Male,40,47
VVTVA,Urban,Public,7BL,29,81JIV,Female,46,55
VVTVA,Urban,Public,7BL,29,87JFN,Female,39,44
VVTVA,Urban,Public,7BL,29,8KIIZ,Male,39,51
VVTVA,Urban,Public,7BL,29,BZG6L,Male,38,51
VVTVA,Urban,Public,7BL,29,CBSY2,Female,43,54
VVTVA,Urban,Public,7BL,29,FQUMU,Female,38,52
VVTVA,Urban,Public,7BL,29,H2WZ7,Female,38,49
VVTVA,Urban,Public,7BL,29,JGQ0Z,Female,42,48
VVTVA,Urban,Public,7BL,29,KBJ1D,Male,43,53
VVTVA,Urban,Public,7BL,29,L1BB3,Female,45,48
VVTVA,Urban,Public,7BL,29,MIGFL,Female,41,48
VVTVA,Urban,Public,7BL,29,MP34B,Female,40,50
VVTVA,Urban,Public,7BL,29,NW57G,Female,43,53
VVTVA,Urban,Public,7BL,29,P4T8T,Female,43,51
VVTVA,Urban,Public,7BL,29,PVNY9,Male,42,49
VVTVA,Urban,Public,7BL,29,QRZUK,Male,41,51
VVTVA,Urban,Public,7BL,29,RC59J,Female,57,62
VVTVA,Urban,Public,7BL,29,TIVFF,Female,40,49
VVTVA,Urban,Public,7BL,29,TOJEJ,Male,39,50
VVTVA,Urban,Public,7BL,29,TRHW9,Female,40,53
VVTVA,Urban,Public,7BL,29,U3U5H,Male,43,46
VVTVA,Urban,Public,7BL,29,VQB53,Female,38,50
VVTVA,Urban,Public,7BL,29,VSJ34,Male,46,54
VVTVA,Urban,Public,7BL,29,VVZRY,Female,40,47
VVTVA,Urban,Public,7BL,29,W5895,Female,35,46
VVTVA,Urban,Public,7BL,29,YED8S,Female,40,53
VVTVA,Urban,Public,A93,30,0CSKF,Male,31,49
VVTVA,Urban,Public,A93,30,0JIY9,Female,30,49
VVTVA,Urban,Public,A93,30,1LC61,Female,34,49
VVTVA,Urban,Public,A93,30,2MA9Q,Male,34,51
VVTVA,Urban,Public,A93,30,4Q5SZ,Male,32,48
VVTVA,Urban,Public,A93,30,4YT5N,Male,30,43
VVTVA,Urban,Public,A93,30,50ZC7,Male,31,45
VVTVA,Urban,Public,A93,30,5N7ID,Male,28,46
VVTVA,Urban,Public,A93,30,6KU2U,Female,30,46
VVTVA,Urban,Public,A93,30,70JDC,Male,33,45
VVTVA,Urban,Public,A93,30,9NW7W,Male,34,50
VVTVA,Urban,Public,A93,30,A84RV,Female,22,47
VVTVA,Urban,Public,A93,30,C1MCZ,Male,31,47
VVTVA,Urban,Public,A93,30,CB2FT,Male,35,54
VVTVA,Urban,Public,A93,30,G8OOV,Male,30,43
VVTVA,Urban,Public,A93,30,H1U8Q,Female,31,49
VVTVA,Urban,Public,A93,30,H9OAN,Female,29,48
VVTVA,Urban,Public,A93,30,HY8JN,Male,29,39
VVTVA,Urban,Public,A93,30,J4PGQ,Female,29,47
VVTVA,Urban,Public,A93,30,JDLDM,Female,30,47
VVTVA,Urban,Public,A93,30,K5OC0,Female,38,52
VVTVA,Urban,Public,A93,30,LBM49,Female,35,49
VVTVA,Urban,Public,A93,30,NU14D,Female,31,48
VVTVA,Urban,Public,A93,30,QRX9B,Male,32,45
VVTVA,Urban,Public,A93,30,S7D4C,Male,35,53
VVTVA,Urban,Public,A93,30,T03G6,Male,35,52
VVTVA,Urban,Public,A93,30,U1ACT,Female,32,48
VVTVA,Urban,Public,A93,30,VCB7U,Female,30,49
VVTVA,Urban,Public,A93,30,XK2EB,Female,34,46
VVTVA,Urban,Public,A93,30,ZZGRB,Female,32,47
VVTVA,Urban,Public,TB5,25,0G8PS,Female,41,51
VVTVA,Urban,Public,TB5,25,0QJP2,Female,35,53
VVTVA,Urban,Public,TB5,25,2J7T0,Female,37,49
VVTVA,Urban,Public,TB5,25,3M3RV,Female,38,52
VVTVA,Urban,Public,TB5,25,4GUB6,Male,36,45
VVTVA,Urban,Public,TB5,25,4OIRE,Male,38,48
VVTVA,Urban,Public,TB5,25,59212,Male,40,48
VVTVA,Urban,Public,TB5,25,925X9,Male,42,54
VVTVA,Urban,Public,TB5,25,G5H8L,Female,39,54
VVTVA,Urban,Public,TB5,25,GPML4,Male,41,45
VVTVA,Urban,Public,TB5,25,K4MPY,Male,40,49
VVTVA,Urban,Public,TB5,25,N2XBL,Male,37,47
VVTVA,Urban,Public,TB5,25,N3AUM,Male,37,51
VVTVA,Urban,Public,TB5,25,NANUJ,Female,38,51
VVTVA,Urban,Public,TB5,25,NGT5E,Male,42,48
VVTVA,Urban,Public,TB5,25,P27OQ,Female,36,50
VVTVA,Urban,Public,TB5,25,PCXJH,Male,40,49
VVTVA,Urban,Public,TB5,25,R79FQ,Female,40,50
VVTVA,Urban,Public,TB5,25,S9W29,Female,40,50
VVTVA,Urban,Public,TB5,25,SSNCF,Female,41,54
VVTVA,Urban,Public,TB5,25,TJBLQ,Female,40,49
VVTVA,Urban,Public,TB5,25,XBNC5,Female,41,49
VVTVA,Urban,Public,TB5,25,ZBEKA,Male,40,47
VVTVA,Urban,Public,TB5,25,ZO5AZ,Male,36,50
VVTVA,Urban,Public,TB5,25,ZSJWH,Female,41,62
VVTVA,Urban,Public,YTB,30,0797N,Female,34,47
VVTVA,Urban,Public,YTB,30,0DG2C,Male,30,48
VVTVA,Urban,Public,YTB,30,1DAZA,Female,35,49
VVTVA,Urban,Public,YTB,30,2PYGZ,Male,37,50
VVTVA,Urban,Public,YTB,30,4O9S7,Female,30,47
VVTVA,Urban,Public,YTB,30,4SH2S,Male,29,48
VVTVA,Urban,Public,YTB,30,55LK7,Female,36,52
VVTVA,Urban,Public,YTB,30,8B9F4,Female,32,50
VVTVA,Urban,Public,YTB,30,CJSVH,Female,28,42
VVTVA,Urban,Public,YTB,30,D1CF9,Male,30,47
VVTVA,Urban,Public,YTB,30,DC2NZ,Female,33,47
VVTVA,Urban,Public,YTB,30,G1D76,Male,33,45
VVTVA,Urban,Public,YTB,30,GZ4RT,Female,35,52
VVTVA,Urban,Public,YTB,30,HRW4T,Male,34,53
VVTVA,Urban,Public,YTB,30,IKNTB,Male,33,47
VVTVA,Urban,Public,YTB,30,IWYXK,Male,32,52
VVTVA,Urban,Public,YTB,30,L9OB0,Female,35,48
VVTVA,Urban,Public,YTB,30,M0WG3,Male,34,46
VVTVA,Urban,Public,YTB,30,M4R5B,Male,33,48
VVTVA,Urban,Public,YTB,30,PJHRU,Female,30,48
VVTVA,Urban,Public,YTB,30,QIHFX,Male,32,52
VVTVA,Urban,Public,YTB,30,QIOYE,Male,28,45
VVTVA,Urban,Public,YTB,30,SEB4N,Male,32,44
VVTVA,Urban,Public,YTB,30,SZR80,Male,31,51
VVTVA,Urban,Public,YTB,30,T0WEF,Female,34,49
VVTVA,Urban,Public,YTB,30,UIHRK,Female,29,44
VVTVA,Urban,Public,YTB,30,WZ6C2,Female,34,49
VVTVA,Urban,Public,YTB,30,Y5PIH,Male,33,52
VVTVA,Urban,Public,YTB,30,YU2SU,Female,33,49
VVTVA,Urban,Public,YTB,30,YXR0L,Female,37,52
ZMNYA,Suburban,Public,1UU,24,16XHE,Female,66,86
ZMNYA,Suburban,Public,1UU,24,5A1B5,Female,73,83
ZMNYA,Suburban,Public,1UU,24,5SPC0,Female,65,74
ZMNYA,Suburban,Public,1UU,24,A6LGX,Male,62,81
ZMNYA,Suburban,Public,1UU,24,B4HL9,Male,66,85
ZMNYA,Suburban,Public,1UU,24,BG529,Female,66,81
ZMNYA,Suburban,Public,1UU,24,BN7PS,Female,70,82
ZMNYA,Suburban,Public,1UU,24,C3HZR,Female,69,82
ZMNYA,Suburban,Public,1UU,24,DP3H5,Male,68,80
ZMNYA,Suburban,Public,1UU,24,HTRAZ,Male,62,82
ZMNYA,Suburban,Public,1UU,24,I55J5,Male,60,74
ZMNYA,Suburban,Public,1UU,24,M9WKI,Female,66,91
ZMNYA,Suburban,Public,1UU,24,MESYT,Male,65,78
ZMNYA,Suburban,Public,1UU,24,PKBZJ,Female,67,81
ZMNYA,Suburban,Public,1UU,24,RB07N,Male,66,80
ZMNYA,Suburban,Public,1UU,24,S0FNE,Female,61,82
ZMNYA,Suburban,Public,1UU,24,S5K17,Female,67,78
ZMNYA,Suburban,Public,1UU,24,THYVQ,Male,66,83
ZMNYA,Suburban,Public,1UU,24,TNDD2,Male,65,81
ZMNYA,Suburban,Public,1UU,24,ULC89,Male,61,80
ZMNYA,Suburban,Public,1UU,24,ULX1M,Male,66,80
ZMNYA,Suburban,Public,1UU,24,VNYVB,Female,62,79
ZMNYA,Suburban,Public,1UU,24,VYPIZ,Male,64,77
ZMNYA,Suburban,Public,1UU,24,ZX8TB,Male,70,83
ZMNYA,Suburban,Public,4NN,22,0QDDH,Male,63,75
ZMNYA,Suburban,Public,4NN,22,0ZQYJ,Male,65,76
ZMNYA,Suburban,Public,4NN,22,1ZWVL,Male,58,68
ZMNYA,Suburban,Public,4NN,22,3DTQB,Male,63,78
ZMNYA,Suburban,Public,4NN,22,46P8Y,Female,65,72
ZMNYA,Suburban,Public,4NN,22,4KPNR,Female,74,72
ZMNYA,Suburban,Public,4NN,22,4R4Z0,Female,70,81
ZMNYA,Suburban,Public,4NN,22,4YJOE,Female,71,78
ZMNYA,Suburban,Public,4NN,22,7BEF7,Male,61,66
ZMNYA,Suburban,Public,4NN,22,EXMME,Male,68,73
ZMNYA,Suburban,Public,4NN,22,FHSAV,Male,62,68
ZMNYA,Suburban,Public,4NN,22,H4GR3,Male,56,69
ZMNYA,Suburban,Public,4NN,22,M7JDV,Female,66,74
ZMNYA,Suburban,Public,4NN,22,O8XZF,Female,65,69
ZMNYA,Suburban,Public,4NN,22,OIM1Z,Female,66,77
ZMNYA,Suburban,Public,4NN,22,OQQRA,Male,63,77
ZMNYA,Suburban,Public,4NN,22,PU6GL,Female,66,77
ZMNYA,Suburban,Public,4NN,22,R63EU,Male,71,80
ZMNYA,Suburban,Public,4NN,22,RXDYK,Female,64,69
ZMNYA,Suburban,Public,4NN,22,T7W1C,Male,59,71
ZMNYA,Suburban,Public,4NN,22,VHOWB,Female,67,70
ZMNYA,Suburban,Public,4NN,22,W9Z34,Male,63,76
ZMNYA,Suburban,Public,V77,23,3IMPL,Female,79,94
ZMNYA,Suburban,Public,V77,23,4QLN0,Male,81,90
ZMNYA,Suburban,Public,V77,23,4RLML,Male,75,94
ZMNYA,Suburban,Public,V77,23,50XI0,Female,77,89
ZMNYA,Suburban,Public,V77,23,AGNIN,Male,68,87
ZMNYA,Suburban,Public,V77,23,AYQBQ,Male,73,91
ZMNYA,Suburban,Public,V77,23,B15UA,Male,69,89
ZMNYA,Suburban,Public,V77,23,B3Z3I,Female,75,94
ZMNYA,Suburban,Public,V77,23,C6ESF,Male,69,85
ZMNYA,Suburban,Public,V77,23,GRE0J,Female,72,85
ZMNYA,Suburban,Public,V77,23,H0FE9,Female,79,93
ZMNYA,Suburban,Public,V77,23,HK7UN,Male,74,94
ZMNYA,Suburban,Public,V77,23,JZJZ5,Male,76,90
ZMNYA,Suburban,Public,V77,23,M8LLN,Female,73,94
ZMNYA,Suburban,Public,V77,23,MKQ5V,Female,74,87
ZMNYA,Suburban,Public,V77,23,MLDXH,Female,79,94
ZMNYA,Suburban,Public,V77,23,NM0PL,Female,74,92
ZMNYA,Suburban,Public,V77,23,NRHVW,Female,72,88
ZMNYA,Suburban,Public,V77,23,NZ8Y5,Male,74,84
ZMNYA,Suburban,Public,V77,23,O4C5C,Male,69,86
ZMNYA,Suburban,Public,V77,23,QEVVU,Male,74,90
ZMNYA,Suburban,Public,V77,23,WV4F0,Male,70,87
ZMNYA,Suburban,Public,V77,23,ZT5SN,Male,76,95
ZOWMK,Urban,Public,CII,27,14BAR,Male,45,60
ZOWMK,Urban,Public,CII,27,3MRKS,Female,49,58
ZOWMK,Urban,Public,CII,27,5WRPI,Female,53,56
ZOWMK,Urban,Public,CII,27,5YI2B,Female,47,55
ZOWMK,Urban,Public,CII,27,6J0JA,Female,49,59
ZOWMK,Urban,Public,CII,27,98TI9,Male,49,59
ZOWMK,Urban,Public,CII,27,99HQT,Male,41,53
ZOWMK,Urban,Public,CII,27,AOI1Q,Female,54,63
ZOWMK,Urban,Public,CII,27,BR251,Female,52,60
ZOWMK,Urban,Public,CII,27,CMBNG,Female,49,59
ZOWMK,Urban,Public,CII,27,DAAHG,Male,46,58
ZOWMK,Urban,Public,CII,27,DUWJP,Female,48,59
ZOWMK,Urban,Public,CII,27,H6YJI,Female,46,57
ZOWMK,Urban,Public,CII,27,H8BK5,Male,43,55
ZOWMK,Urban,Public,CII,27,HSDFE,Male,45,59
ZOWMK,Urban,Public,CII,27,KEX5T,Female,52,62
ZOWMK,Urban,Public,CII,27,LAO5O,Male,48,59
ZOWMK,Urban,Public,CII,27,LNU0R,Female,53,63
ZOWMK,Urban,Public,CII,27,N3QE5,Male,46,56
ZOWMK,Urban,Public,CII,27,N87VR,Female,54,61
ZOWMK,Urban,Public,CII,27,QJUR1,Female,47,61
ZOWMK,Urban,Public,CII,27,RYOCW,Male,49,57
ZOWMK,Urban,Public,CII,27,S4YGT,Female,50,62
ZOWMK,Urban,Public,CII,27,TDY78,Male,46,54
ZOWMK,Urban,Public,CII,27,TRR2F,Female,54,60
ZOWMK,Urban,Public,CII,27,UNO2K,Male,46,55
ZOWMK,Urban,Public,CII,27,Z38SS,Male,52,62
ZOWMK,Urban,Public,Q0E,30,0VPKP,Female,32,55
ZOWMK,Urban,Public,Q0E,30,0WLKR,Male,25,53
ZOWMK,Urban,Public,Q0E,30,0XMEO,Female,33,54
ZOWMK,Urban,Public,Q0E,30,2E8OY,Female,44,56
ZOWMK,Urban,Public,Q0E,30,4SLJH,Male,34,54
ZOWMK,Urban,Public,Q0E,30,59TVE,Female,38,53
ZOWMK,Urban,Public,Q0E,30,7LUSQ,Male,34,50
ZOWMK,Urban,Public,Q0E,30,86NLD,Female,39,54
ZOWMK,Urban,Public,Q0E,30,ARY9N,Female,41,55
ZOWMK,Urban,Public,Q0E,30,C1PHS,Female,36,52
ZOWMK,Urban,Public,Q0E,30,CHF6W,Male,38,53
ZOWMK,Urban,Public,Q0E,30,CUT9U,Male,38,52
ZOWMK,Urban,Public,Q0E,30,FDPKM,Male,37,52
ZOWMK,Urban,Public,Q0E,30,FE2K4,Female,35,52
ZOWMK,Urban,Public,Q0E,30,G0LQX,Male,30,48
ZOWMK,Urban,Public,Q0E,30,GI9G6,Female,38,53
ZOWMK,Urban,Public,Q0E,30,GRQ2T,Female,38,50
ZOWMK,Urban,Public,Q0E,30,JM8WM,Female,36,55
ZOWMK,Urban,Public,Q0E,30,K6FWQ,Female,37,57
ZOWMK,Urban,Public,Q0E,30,N3CCG,Female,35,59
ZOWMK,Urban,Public,Q0E,30,O0K98,Male,41,54
ZOWMK,Urban,Public,Q0E,30,S6982,Male,37,53
ZOWMK,Urban,Public,Q0E,30,SED9R,Female,37,54
ZOWMK,Urban,Public,Q0E,30,STM05,Female,39,49
ZOWMK,Urban,Public,Q0E,30,TAFUM,Male,37,53
ZOWMK,Urban,Public,Q0E,30,TXOOF,Female,40,55
ZOWMK,Urban,Public,Q0E,30,UKCBM,Female,34,50
ZOWMK,Urban,Public,Q0E,30,VCHRB,Female,38,53
ZOWMK,Urban,Public,Q0E,30,WX1CZ,Male,39,56
ZOWMK,Urban,Public,Q0E,30,X42WM,Female,36,49
ZOWMK,Urban,Public,QA2,30,03TIL,Female,46,49
ZOWMK,Urban,Public,QA2,30,0FC2B,Female,43,52
ZOWMK,Urban,Public,QA2,30,1OKDF,Female,40,49
ZOWMK,Urban,Public,QA2,30,1PZC1,Female,45,51
ZOWMK,Urban,Public,QA2,30,286RT,Female,39,50
ZOWMK,Urban,Public,QA2,30,2IJFL,Male,39,51
ZOWMK,Urban,Public,QA2,30,3IBYC,Male,43,53
ZOWMK,Urban,Public,QA2,30,4FOEZ,Female,45,51
ZOWMK,Urban,Public,QA2,30,6W3J2,Female,44,53
ZOWMK,Urban,Public,QA2,30,7ZH49,Female,46,50
ZOWMK,Urban,Public,QA2,30,8TZ7Z,Male,44,54
ZOWMK,Urban,Public,QA2,30,9GPZN,Male,37,50
ZOWMK,Urban,Public,QA2,30,A0OEB,Female,41,52
ZOWMK,Urban,Public,QA2,30,B7AE1,Male,38,48
ZOWMK,Urban,Public,QA2,30,C8BRE,Male,40,53
ZOWMK,Urban,Public,QA2,30,D7CTP,Female,37,47
ZOWMK,Urban,Public,QA2,30,FPUKO,Female,38,52
ZOWMK,Urban,Public,QA2,30,HHNNN,Female,45,57
ZOWMK,Urban,Public,QA2,30,KLN48,Female,47,55
ZOWMK,Urban,Public,QA2,30,MKTFW,Female,44,52
ZOWMK,Urban,Public,QA2,30,O5RMI,Female,43,45
ZOWMK,Urban,Public,QA2,30,QOOMM,Male,37,46
ZOWMK,Urban,Public,QA2,30,QVUI0,Male,38,50
ZOWMK,Urban,Public,QA2,30,S81CK,Male,41,51
ZOWMK,Urban,Public,QA2,30,SNGT7,Female,41,55
ZOWMK,Urban,Public,QA2,30,VE9M5,Female,45,53
ZOWMK,Urban,Public,QA2,30,VLT9X,Male,36,47
ZOWMK,Urban,Public,QA2,30,WCK50,Female,42,50
ZOWMK,Urban,Public,QA2,30,WTGZ3,Male,41,48
ZOWMK,Urban,Public,QA2,30,XTDGC,Female,36,48
ZOWMK,Urban,Public,ZBH,30,14KA2,Male,41,46
ZOWMK,Urban,Public,ZBH,30,1RM48,Female,43,52
ZOWMK,Urban,Public,ZBH,30,1ZXE0,Female,39,54
ZOWMK,Urban,Public,ZBH,30,30ZL7,Female,38,49
ZOWMK,Urban,Public,ZBH,30,3GOXL,Female,42,51
ZOWMK,Urban,Public,ZBH,30,3ZC0F,Female,36,43
ZOWMK,Urban,Public,ZBH,30,58VZ8,Male,36,53
ZOWMK,Urban,Public,ZBH,30,87CSN,Male,40,48
ZOWMK,Urban,Public,ZBH,30,8VV7M,Female,42,48
ZOWMK,Urban,Public,ZBH,30,B6OD9,Female,39,49
ZOWMK,Urban,Public,ZBH,30,B7EZ3,Female,40,47
ZOWMK,Urban,Public,ZBH,30,C7MHP,Female,39,55
ZOWMK,Urban,Public,ZBH,30,E7D9H,Female,41,48
ZOWMK,Urban,Public,ZBH,30,ECH9Z,Male,38,48
ZOWMK,Urban,Public,ZBH,30,F4XMK,Male,42,55
ZOWMK,Urban,Public,ZBH,30,FF3C5,Male,46,53
ZOWMK,Urban,Public,ZBH,30,FX3Q4,Male,41,49
ZOWMK,Urban,Public,ZBH,30,GKK5I,Female,42,50
ZOWMK,Urban,Public,ZBH,30,J4IDO,Male,39,52
ZOWMK,Urban,Public,ZBH,30,JU0SW,Male,38,46
ZOWMK,Urban,Public,ZBH,30,KPR1P,Male,40,46
ZOWMK,Urban,Public,ZBH,30,Q6QZP,Male,41,50
ZOWMK,Urban,Public,ZBH,30,Q8JXJ,Female,45,47
ZOWMK,Urban,Public,ZBH,30,R805N,Male,38,51
ZOWMK,Urban,Public,ZBH,30,S4I5S,Male,39,50
ZOWMK,Urban,Public,ZBH,30,T8LSK,Female,39,55
ZOWMK,Urban,Public,ZBH,30,VNP26,Female,38,46
ZOWMK,Urban,Public,ZBH,30,YDR1Z,Female,45,51
ZOWMK,Urban,Public,ZBH,30,YUEIH,Male,46,53
ZOWMK,Urban,Public,ZBH,30,ZVCQ8,Male,41,48
NEW,Urban,Non-public,NEWC,1,NEWID1,Female,55,67
NEW,Urban,Non-public,NEWC,1,NEWID2,Female,55,67
NEW,Urban,Non-public,NEWC,1,NEWID3,Female,54,68
NEW,Urban,Non-public,NEWC,1,NEWID4,Female,55,67
NEW,Urban,Non-public,NEWC,1,NEWID5,Female,55,67
NEW,Urban,Non-public,NEWC,1,NEWID6,Female,54,68
NEW,Urban,Non-public,NEWC,1,NEWID7,Female,55,67
NEW,Urban,Non-public,NEWC,1,NEWID8,Female,54,68
NEW,Urban,Non-public,NEWC,1,NEWID9,Female,55,67
NEW,Urban,Non-public,NEWC,1,NEWID10,Female,55,67
NEW,Urban,Non-public,NEWC,1,NEWID11,Female,55,67
NEW,Urban,Non-public,NEWC,1,NEWID12,Female,55,67
NEW,Urban,Non-public,NEWC,1,NEWID13,Female,55,67
NEW,Urban,Non-public,NEWC,1,NEWID14,Female,54,68
NEW,Urban,Non-public,NEWC,1,NEWID15,Female,55,67
NEW,Urban,Non-public,NEWC,1,NEWID16,Female,55,67
NEW,Urban,Non-public,NEWC,1,NEWID17,Female,55,67
NEW,Urban,Non-public,NEWC,1,NEWID18,Female,55,67
NEW,Urban,Non-public,NEWC,1,NEWID19,Female,55,67
NEW,Urban,Non-public,NEWC,1,NEWID20,Female,55,67
NEW,Urban,Non-public,NEWC,1,NEWID21,Female,55,67
